dataset,structure_id,config_id,n_til,dE_DFT_eV,dE_UMA_eV,ga_faces,h_faces
energy-1st,12078,-1,0,1.402418,1.254841,28;42;56,1;3;7;9;11;13;15;19;21;25;35;39;47;53;63;67;69;71
energy-1st,12207,-1,0,1.142766,1.069067,28;42;56,1;3;5;9;11;13;15;21;25;33;35;39;47;59;63;65;69;71
energy-1st,17799,-1,0,1.15463,0.979717,28;42;56,1;3;5;7;9;11;21;35;37;39;47;51;53;59;63;65;67;71
energy-1st,40916,-1,0,1.983329,1.593758,28;42;56,9;11;13;15;21;25;33;35;37;39;47;51;53;59;63;65;67;69
energy-1st,45768,-1,0,1.085339,0.811225,28;42;56,1;3;5;9;11;13;15;19;21;25;33;37;39;51;53;59;67;71
energy-1st,47169,-1,0,1.251227,1.119113,28;42;56,1;3;5;7;9;11;13;15;19;21;25;35;37;53;59;63;65;71
energy-1st,50212,-1,0,0.379158,0.334526,28;42;56,1;5;7;9;11;13;15;21;25;33;35;37;51;59;63;65;67;71
energy-1st,63597,-1,0,0.378552,0.382007,28;42;56,1;3;5;7;9;11;13;15;21;33;35;47;49;51;59;63;65;71
energy-1st,64735,-1,0,0.637895,0.537773,28;42;56,1;5;9;11;13;15;19;21;35;39;47;49;51;53;59;63;67;71
energy-1st,65467,104316,1,0.408655,0.390014,28;42;56,1;3;7;9;11;13;15;21;33;35;39;49;51;59;63;65;67;71
energy-1st,70474,-1,0,1.558947,1.347825,28;42;56,1;5;7;9;11;19;21;25;33;35;39;47;49;63;65;67;69;71
energy-1st,70794,-1,0,1.613646,1.299662,28;42;56,1;5;7;9;11;15;19;21;25;33;35;39;49;53;63;67;69;71
energy-1st,73945,105587,1,0.522891,0.456419,28;42;56,1;3;5;7;9;11;15;21;25;35;39;49;51;53;59;63;67;71
energy-1st,74035,100738,1,0.248246,0.230793,28;42;56,1;3;7;9;11;15;21;25;33;35;39;49;51;59;63;65;67;71
energy-1st,74153,-1,0,0.752596,0.680491,28;42;56,1;3;5;7;9;11;15;21;25;35;39;47;49;51;59;63;65;67
energy-1st,75963,-1,0,1.019459,0.932454,28;42;56,3;7;9;11;13;15;21;25;33;35;39;49;51;59;65;67;69;71
energy-1st,80930,-1,0,0.968131,0.900921,28;42;56,1;3;5;7;9;11;13;15;21;25;35;47;49;53;59;65;69;71
energy-1st,85899,-1,0,1.250234,1.121361,28;42;56,1;3;5;7;9;11;13;15;21;25;33;35;47;49;53;63;65;71
energy-1st,86372,-1,0,0.480828,0.416739,28;42;56,1;3;5;9;11;13;19;21;25;35;39;47;49;53;59;63;67;69
energy-1st,87487,-1,0,0.584701,0.567973,28;42;56,1;3;5;9;11;13;15;21;25;35;39;47;49;53;59;63;67;71
energy-1st,88425,-1,0,0.306852,0.310808,28;42;56,1;3;7;9;11;13;19;21;25;35;47;49;51;59;63;65;67;71
energy-1st,88445,101343,2,0.209277,0.22798,28;42;56,1;3;5;7;9;11;13;21;25;33;35;49;51;59;63;65;69;71
energy-1st,89129,-1,0,0.569672,0.514828,28;42;56,1;5;9;11;13;15;19;21;25;35;47;49;51;53;59;63;65;69
energy-1st,89596,-1,0,0.251716,0.267178,28;42;56,1;3;7;9;11;13;15;21;25;33;35;49;51;59;63;65;67;71
energy-1st,89825,-1,0,0.802803,0.732934,28;42;56,1;3;9;11;13;15;21;25;35;47;49;51;53;59;63;65;67;71
energy-1st,90936,-1,0,0.134961,0.187219,28;42;56,1;3;5;7;9;11;13;21;25;35;39;47;49;51;59;63;65;71
energy-1st,90939,100875,2,0.203811,0.191165,28;42;56,1;3;5;7;9;11;13;21;25;33;35;39;49;51;59;63;65;71
energy-1st,91378,-1,0,0.440003,0.40109,28;42;56,1;5;7;9;11;13;15;21;25;35;39;47;49;51;59;63;67;71
energy-1st,91735,-1,0,0.209984,0.188871,28;42;56,1;5;7;9;11;13;15;21;25;35;39;49;51;59;63;65;69;71
energy-1st,92137,-1,0,0.392255,0.379423,28;42;56,1;3;7;9;11;13;15;21;25;33;35;39;49;51;59;63;67;71
energy-1st,94438,-1,0,2.006526,1.895665,28;42;56,5;7;9;11;19;21;33;35;37;39;47;49;51;53;63;65;69;71
energy-1st,102370,-1,0,1.498791,1.204852,28;42;56,3;5;7;9;11;13;15;21;33;35;37;47;49;51;53;65;67;69
energy-1st,105469,-1,0,0.512082,0.456609,28;42;56,3;7;9;11;13;15;19;21;35;37;47;49;51;59;63;65;67;71
energy-1st,109772,-1,0,0.446646,0.411697,28;42;56,1;3;5;7;9;11;13;15;21;35;37;47;49;51;53;67;69;71
energy-1st,109886,-1,0,0.478368,0.44716,28;42;56,1;3;5;7;9;11;13;15;21;35;37;47;49;51;59;65;67;71
energy-1st,112604,-1,0,0.488548,0.421456,28;42;56,1;5;7;9;11;13;15;21;35;37;47;49;53;59;63;65;67;71
energy-1st,112750,-1,0,0.943143,0.765441,28;42;56,1;3;5;7;9;11;13;15;19;21;33;35;37;47;49;53;63;71
energy-1st,112829,-1,0,0.696692,0.579857,28;42;56,1;3;7;9;11;13;15;21;35;37;47;49;59;63;65;67;69;71
energy-1st,114009,-1,0,1.003341,0.791881,28;42;56,1;5;7;9;11;13;15;19;21;35;37;39;47;49;53;59;63;67
energy-1st,114740,-1,0,0.811578,0.69322,28;42;56,1;3;9;11;13;15;19;21;33;35;37;39;47;49;63;65;67;71
energy-1st,115507,-1,0,0.272686,0.240636,28;42;56,1;3;5;9;11;13;19;21;35;37;47;49;51;53;63;67;69;71
energy-1st,115526,-1,0,0.717286,0.621013,28;42;56,1;3;5;7;9;11;13;19;21;35;37;47;49;51;53;63;67;69
energy-1st,115618,-1,0,0.576002,0.525739,28;42;56,1;3;5;7;9;11;13;21;33;35;37;49;51;63;65;67;69;71
energy-1st,115690,-1,0,0.518366,0.398967,28;42;56,1;3;7;9;11;13;21;35;37;47;49;51;53;59;63;65;67;71
energy-1st,115876,-1,0,0.844972,0.759374,28;42;56,1;5;9;11;13;15;19;21;33;35;37;47;49;51;59;63;69;71
energy-1st,115884,-1,0,0.346302,0.2996,28;42;56,1;5;7;9;11;13;15;21;33;35;37;47;49;51;59;63;67;71
energy-1st,115978,-1,0,0.348657,0.219017,28;42;56,1;5;9;11;13;15;21;33;35;37;47;49;51;53;63;67;69;71
energy-1st,116040,-1,0,0.229302,0.146943,28;42;56,1;7;9;11;13;15;21;33;35;37;47;49;51;59;63;65;67;71
energy-1st,116046,-1,0,0.584104,0.483598,28;42;56,1;9;11;13;15;19;21;33;35;37;47;49;51;59;63;65;67;71
energy-1st,116068,102194,1,0.109186,0.121146,28;42;56,1;5;7;9;11;13;15;21;33;35;37;47;49;51;59;63;65;71
energy-1st,116071,102623,1,0.001569,0.011468,28;42;56,1;5;7;9;11;13;15;21;33;35;37;47;49;51;63;65;69;71
energy-1st,116096,-1,0,0.333584,0.227833,28;42;56,1;5;9;11;13;15;21;35;37;47;49;51;59;63;65;67;69;71
energy-1st,116107,-1,0,0.240153,0.224935,28;42;56,1;5;7;9;11;13;15;21;35;37;47;49;51;63;65;67;69;71
energy-1st,116122,-1,0,0.162038,0.16323,28;42;56,1;5;9;11;13;15;19;21;35;37;47;49;51;63;65;67;69;71
energy-1st,116236,101186,1,0.43011,0.402569,28;42;56,1;5;9;11;13;15;21;35;37;47;49;51;53;59;63;65;69;71
energy-1st,116401,102693,1,0.228114,0.255378,28;42;56,1;3;5;7;9;11;13;15;21;33;35;37;47;49;51;63;69;71
energy-1st,116538,-1,0,0.890155,0.859685,28;42;56,1;3;9;11;13;15;19;21;37;47;49;51;53;59;63;67;69;71
energy-1st,116577,106604,1,0.160758,0.190065,28;42;56,1;3;5;7;9;11;13;15;21;35;37;47;49;51;53;63;69;71
energy-1st,116697,-1,0,0.34553,0.357537,28;42;56,1;3;7;9;11;13;15;21;33;37;47;49;51;59;63;65;69;71
energy-1st,116725,-1,0,0.077428,0.118462,28;42;56,1;3;7;9;11;13;15;21;35;37;47;49;51;59;63;65;67;71
energy-1st,116727,-1,0,0.162161,0.126764,28;42;56,1;3;7;9;11;13;15;21;33;35;37;47;49;51;63;65;67;71
energy-1st,116728,103632,1,0.058267,0.097376,28;42;56,1;3;7;9;11;13;15;21;33;35;37;49;51;59;63;65;67;71
energy-1st,116729,-1,0,0.19982,0.206753,28;42;56,1;3;7;9;11;13;15;21;33;37;47;49;51;59;63;65;67;71
energy-1st,116778,-1,0,0.246084,0.261767,28;42;56,1;3;5;9;11;13;15;21;33;35;37;47;49;51;63;65;69;71
energy-1st,116784,103704,1,0.203006,0.226382,28;42;56,1;3;5;7;9;11;13;15;21;33;35;37;49;51;59;63;65;71
energy-1st,116787,-1,0,0.104554,0.162985,28;42;56,1;3;5;7;9;11;13;15;21;35;37;47;49;51;63;65;69;71
energy-1st,116873,-1,0,0.776704,0.682829,28;42;56,1;3;5;9;11;13;15;19;21;33;35;37;49;51;63;65;67;71
energy-1st,116973,-1,0,0.36217,0.319242,28;42;56,1;3;7;9;11;13;15;21;35;37;47;49;51;53;63;65;67;71
energy-1st,117871,-1,0,0.695628,0.54484,28;42;56,1;3;5;7;9;11;13;21;33;37;39;47;49;51;53;63;69;71
energy-1st,119112,101258,1,0.52051,0.455092,28;42;56,1;5;9;11;13;15;21;35;37;39;47;49;51;53;63;65;69;71
energy-1st,119651,106025,1,0.589272,0.562372,28;42;56,1;3;5;9;11;13;15;21;35;37;39;49;51;53;63;67;69;71
energy-1st,121881,-1,0,1.846477,1.388601,28;42;56,3;5;9;11;15;19;21;25;33;35;37;39;49;51;53;59;65;69
energy-1st,124842,-1,0,2.487501,2.219292,28;42;56,3;5;7;9;11;19;21;25;37;39;49;51;59;63;65;67;69;71
energy-1st,127268,-1,0,1.352048,1.128088,28;42;56,1;3;7;9;11;15;21;25;33;35;37;39;47;49;53;59;67;71
energy-1st,133525,-1,0,0.723266,0.650266,28;42;56,1;3;9;11;15;21;25;35;37;39;47;49;53;63;65;67;69;71
energy-1st,134124,-1,0,0.497112,0.419248,28;42;56,1;3;7;9;11;19;21;25;33;35;37;49;51;59;63;65;67;71
energy-1st,134752,-1,0,0.556679,0.403306,28;42;56,1;7;9;11;15;21;25;33;35;37;49;51;53;59;63;65;67;71
energy-1st,154437,-1,0,0.25835,0.186367,28;42;56,1;3;5;7;9;11;13;21;25;33;35;37;49;51;53;59;67;71
energy-1st,155676,-1,0,0.290915,0.289962,28;42;56,1;3;7;9;11;13;15;21;25;33;35;37;49;51;59;65;67;71
energy-1st,157343,-1,0,0.630032,0.54106,28;42;56,1;3;5;9;11;13;21;25;35;37;39;49;51;53;59;65;67;69
energy-1st,159949,-1,0,0.82764,0.75497,28;42;56,1;5;9;11;13;15;19;21;25;35;37;47;49;53;59;63;67;71
energy-1st,160420,-1,0,1.355059,1.202138,28;42;56,1;3;5;7;9;11;13;15;19;21;25;33;37;47;49;59;63;67
energy-1st,160580,-1,0,0.612712,0.590218,28;42;56,1;3;5;9;11;13;15;21;25;35;37;47;49;53;63;67;69;71
energy-1st,162823,-1,0,0.565612,0.452462,28;42;56,1;5;7;9;11;13;15;21;25;33;35;37;39;49;59;63;65;69
energy-1st,164347,98823,1,0.071369,0.051212,28;42;56,1;5;7;9;11;13;21;25;33;35;37;49;51;59;63;65;67;71
energy-1st,164645,-1,0,0.209162,0.240143,28;42;56,1;3;5;7;9;11;13;21;25;33;35;37;49;51;59;63;69;71
energy-1st,164677,99225,1,0.020187,0.066031,28;42;56,1;3;5;7;9;11;13;21;25;33;35;37;49;51;59;63;67;71
energy-1st,164821,-1,0,0.137527,0.190532,28;42;56,1;3;5;7;9;11;13;21;25;35;37;49;51;53;59;63;69;71
energy-1st,164881,105574,1,0.013547,0.059602,28;42;56,1;3;5;7;9;11;13;21;25;35;37;49;51;53;59;63;67;71
energy-1st,164971,98829,1,0.038588,0.029519,28;42;56,1;3;7;9;11;13;21;25;33;35;37;49;51;59;63;65;67;71
energy-1st,165027,99075,2,0.00689,0.036266,28;42;56,1;3;5;7;9;11;13;21;25;33;35;37;49;51;59;63;65;71
energy-1st,165029,-1,0,0.229333,0.213753,28;42;56,1;3;5;7;9;11;13;21;25;35;37;47;49;51;59;63;65;69
energy-1st,165031,-1,0,0.016466,0.103463,28;42;56,1;3;5;7;9;11;13;21;25;35;37;49;51;59;63;65;69;71
energy-1st,165091,-1,0,0.045536,0.10982,28;42;56,1;3;5;7;9;11;13;21;25;35;37;49;51;59;63;65;67;71
energy-1st,165296,98985,4,0.231874,0.222125,28;42;56,1;3;5;7;9;11;13;21;25;35;37;49;51;53;59;63;65;69
energy-1st,165316,100833,2,0.373051,0.341928,28;42;56,1;3;5;9;11;13;19;21;25;35;37;49;51;53;59;63;65;69
energy-1st,165673,-1,0,0.186202,0.19803,28;42;56,1;5;7;9;11;13;15;21;25;35;37;49;51;53;59;63;67;71
energy-1st,165816,-1,0,0.30804,0.315855,28;42;56,1;5;7;9;11;13;15;21;25;35;37;47;49;51;59;63;65;71
energy-1st,165822,-1,0,0.119055,0.137929,28;42;56,1;5;7;9;11;13;15;21;25;35;37;47;49;51;63;65;69;71
energy-1st,165823,-1,0,0.092773,0.10383,28;42;56,1;5;7;9;11;13;15;21;25;35;37;49;51;59;63;65;69;71
energy-1st,165825,-1,0,0.471596,0.418183,28;42;56,1;5;7;9;11;13;15;21;25;33;35;37;47;49;51;63;65;69
energy-1st,165828,100291,1,0.101299,0.091215,28;42;56,1;5;7;9;11;13;15;21;25;33;35;37;49;51;63;65;69;71
energy-1st,165883,-1,0,0.090989,0.1035,28;42;56,1;5;7;9;11;13;15;21;25;35;37;49;51;59;63;65;67;71
energy-1st,166143,-1,0,0.471853,0.413204,28;42;56,1;5;9;11;13;15;21;25;35;37;49;51;53;59;63;65;67;69
energy-1st,166558,-1,0,0.533442,0.453795,28;42;56,1;3;5;7;9;11;13;15;21;25;33;37;49;51;53;63;69;71
energy-1st,166663,-1,0,0.177666,0.240372,28;42;56,1;3;7;9;11;13;15;21;25;35;37;49;51;59;63;65;69;71
energy-1st,166723,-1,0,0.053972,0.130663,28;42;56,1;3;7;9;11;13;15;21;25;35;37;49;51;59;63;65;67;71
energy-1st,166734,-1,0,0.207934,0.265083,28;42;56,1;3;7;9;11;13;15;21;25;35;37;49;51;63;65;67;69;71
energy-1st,168268,-1,0,0.372321,0.31764,28;42;56,1;3;5;7;9;11;13;21;25;35;37;39;49;51;53;63;69;71
energy-1st,169362,-1,0,0.496276,0.429479,28;42;56,1;7;9;11;13;15;21;25;35;37;39;47;49;51;63;65;67;71
energy-1st,173646,-1,0,1.372774,1.153819,28;42;56,3;5;7;9;11;13;15;21;33;35;39;47;53;59;61;67;69;71
energy-1st,177982,-1,0,1.239536,1.089861,28;42;56,1;3;5;9;11;13;15;19;21;33;35;47;53;59;61;63;67;71
energy-1st,186227,-1,0,1.030483,0.857311,28;42;56,1;3;7;9;11;15;19;21;25;35;39;47;51;53;61;65;67;71
energy-1st,186979,-1,0,1.168788,1.076224,28;42;56,1;3;5;7;9;11;21;25;35;39;53;59;61;63;65;67;69;71
energy-1st,187561,-1,0,0.538286,0.496027,28;42;56,1;3;7;9;11;15;21;25;35;39;47;53;59;61;63;65;67;71
energy-1st,189477,-1,0,0.955916,0.830947,28;42;56,1;5;9;11;15;19;21;25;33;35;39;47;51;59;61;63;67;71
energy-1st,193604,-1,0,0.640023,0.558649,28;42;56,3;7;9;11;13;15;21;25;33;35;39;47;59;61;63;65;67;71
energy-1st,196209,-1,0,0.543596,0.477359,28;42;56,3;5;7;9;11;13;15;21;25;33;35;39;51;59;61;63;67;71
energy-1st,198561,-1,0,0.927709,0.856979,28;42;56,1;3;5;7;9;11;13;19;21;25;35;51;53;59;61;65;67;71
energy-1st,198817,-1,0,0.992,0.943434,28;42;56,1;3;5;7;9;11;13;15;21;25;33;35;47;51;59;61;67;71
energy-1st,200769,-1,0,0.689855,0.617424,28;42;56,1;3;5;9;11;13;15;21;25;35;39;47;51;53;59;61;67;69
energy-1st,200781,-1,0,0.528297,0.490189,28;42;56,1;3;5;7;9;11;13;15;21;25;35;39;51;53;59;61;67;71
energy-1st,203933,-1,0,0.925801,0.894606,28;42;56,1;3;5;7;9;11;13;15;21;25;35;39;47;61;63;65;69;71
energy-1st,204477,-1,0,1.293514,1.11385,28;42;56,1;5;7;9;11;13;21;25;47;51;53;59;61;63;65;67;69;71
energy-1st,208915,-1,0,0.40162,0.470025,28;42;56,1;3;7;9;11;13;15;21;25;35;39;51;59;61;63;65;67;71
energy-1st,214216,-1,0,1.485564,1.315849,28;42;56,1;7;9;11;15;19;21;33;35;37;39;59;61;63;65;67;69;71
energy-1st,228652,-1,0,1.437268,1.213117,28;42;56,1;3;5;7;9;11;13;19;21;33;35;37;47;53;61;63;65;69
energy-1st,231507,-1,0,0.735576,0.602241,28;42;56,1;5;7;9;11;13;21;33;35;37;47;51;61;63;65;67;69;71
energy-1st,232498,-1,0,0.990836,0.930431,28;42;56,1;7;9;11;13;15;19;21;37;47;51;53;59;61;63;65;67;71
energy-1st,232907,-1,0,0.524615,0.541221,28;42;56,1;3;5;9;11;13;15;21;35;37;47;51;53;61;63;67;69;71
energy-1st,235457,-1,0,0.862282,0.760487,28;42;56,1;5;9;11;13;15;21;35;37;39;47;51;53;61;63;65;67;71
energy-1st,236072,-1,0,1.135382,0.969814,28;42;56,1;3;9;11;13;15;19;21;33;35;37;39;51;61;63;65;67;71
energy-1st,240316,99658,1,0.645632,0.563995,28;42;56,3;7;9;11;15;19;21;25;33;35;37;51;59;61;63;65;67;71
energy-1st,240365,-1,0,0.561147,0.532909,28;42;56,3;5;7;9;11;15;21;25;33;35;37;51;59;61;63;65;67;71
energy-1st,246466,-1,0,0.641034,0.589336,28;42;56,1;3;5;9;11;15;21;25;35;37;39;47;51;53;61;67;69;71
energy-1st,246482,-1,0,0.833629,0.634695,28;42;56,1;3;5;7;9;11;15;21;25;33;35;37;39;51;53;61;67;71
energy-1st,246567,97690,1,0.270835,0.216787,28;42;56,1;3;7;9;11;15;21;25;33;35;37;39;51;59;61;65;67;71
energy-1st,247746,-1,0,1.320346,1.236937,28;42;56,1;3;5;7;9;11;15;21;25;33;37;47;61;63;65;67;69;71
energy-1st,254493,-1,0,0.595371,0.529618,28;42;56,1;3;5;9;11;15;21;25;35;37;39;51;53;59;61;63;67;69
energy-1st,254556,-1,0,0.507924,0.446114,28;42;56,1;3;7;9;11;15;21;25;33;35;37;39;51;61;63;65;69;71
energy-1st,256718,-1,0,1.44243,1.258228,28;42;56,5;7;9;11;13;15;19;21;25;35;37;47;51;59;61;65;69;71
energy-1st,259957,-1,0,0.854086,0.795632,28;42;56,3;5;7;9;11;13;15;21;25;35;37;47;53;59;61;63;69;71
energy-1st,270720,-1,0,0.470743,0.45404,28;42;56,1;3;5;7;9;11;13;21;25;35;37;47;51;53;61;67;69;71
energy-1st,271413,-1,0,0.55574,0.492534,28;42;56,1;7;9;11;13;15;21;25;35;37;47;51;53;59;61;65;67;71
energy-1st,271872,-1,0,0.702413,0.624904,28;42;56,1;3;5;7;9;11;13;15;21;25;33;37;47;51;53;61;67;71
energy-1st,275807,-1,0,0.68036,0.66029,28;42;56,1;3;5;7;9;11;13;21;25;35;37;47;59;61;63;65;69;71
energy-1st,276814,-1,0,0.783487,0.722258,28;42;56,1;3;5;7;9;11;13;15;21;25;33;35;37;53;59;61;63;69
energy-1st,277627,-1,0,0.642645,0.58939,28;42;56,1;5;7;9;11;13;21;25;35;37;39;47;61;63;65;67;69;71
energy-1st,278585,-1,0,0.910869,0.867769,28;42;56,1;3;5;9;11;13;19;21;25;37;39;47;53;59;61;63;65;71
energy-1st,280711,-1,0,0.687678,0.51949,28;42;56,1;7;9;11;13;21;25;33;35;37;51;53;59;61;63;65;67;71
energy-1st,282624,-1,0,0.737,0.762604,28;42;56,1;3;5;7;9;11;13;15;21;25;35;37;47;51;61;63;67;71
energy-1st,283012,-1,0,0.37346,0.405472,28;42;56,1;3;7;9;11;13;15;21;25;35;37;51;59;61;63;65;67;69
energy-1st,285330,-1,0,1.043364,0.958809,28;42;56,1;7;9;11;13;15;21;25;35;37;39;47;51;53;61;63;69;71
energy-1st,285718,-1,0,0.701347,0.569344,28;42;56,1;5;7;9;11;13;15;21;25;33;35;37;39;51;61;63;65;71
energy-1st,286289,-1,0,1.394784,1.280554,28;42;56,1;3;9;11;13;15;21;25;35;37;39;47;51;53;59;61;63;69
energy-1st,291684,-1,0,1.960123,1.706439,28;42;56,1;7;9;11;15;19;21;33;35;39;47;49;53;59;61;63;69;71
energy-1st,302200,-1,0,0.603676,0.484971,28;42;56,1;3;5;9;11;13;19;21;35;39;47;49;53;59;61;65;67;69
energy-1st,302317,-1,0,1.307214,1.12445,28;42;56,1;5;7;9;11;13;15;19;21;33;35;39;47;49;61;65;67;71
energy-1st,304255,-1,0,1.006293,0.931325,28;42;56,1;3;5;9;11;13;19;21;35;39;47;49;51;53;59;61;69;71
energy-1st,306180,-1,0,1.043928,0.791163,28;42;56,1;3;5;9;11;13;21;33;35;47;49;53;59;61;63;65;67;69
energy-1st,310437,-1,0,0.8167,0.829565,28;42;56,1;3;5;7;9;11;13;15;21;35;47;49;51;53;61;63;67;71
energy-1st,310651,-1,0,0.959513,0.926056,28;42;56,1;3;5;7;9;11;13;15;21;33;35;49;51;59;61;63;65;67
energy-1st,313550,-1,0,0.78154,0.817394,28;42;56,1;3;9;11;13;15;21;35;39;47;49;51;59;61;63;65;67;71
energy-1st,327198,-1,0,0.527785,0.467149,28;42;56,1;3;5;9;11;15;21;25;35;39;47;49;59;61;63;65;67;69
energy-1st,330437,108287,1,0.359392,0.363095,28;42;56,1;3;5;7;9;11;21;25;35;39;47;49;51;59;61;63;65;69
energy-1st,331168,-1,0,0.669648,0.648189,28;42;56,1;7;9;11;15;21;25;35;39;47;49;51;59;61;63;65;67;71
energy-1st,331224,108307,1,0.573219,0.571998,28;42;56,1;5;7;9;11;15;21;25;35;39;47;49;51;59;61;63;65;71
energy-1st,335341,-1,0,0.564088,0.515055,28;42;56,3;5;7;9;11;13;21;25;35;39;47;49;51;59;61;65;67;71
energy-1st,342433,-1,0,0.749943,0.638039,28;42;56,3;5;9;11;13;19;21;25;33;35;39;47;49;51;59;61;63;69
energy-1st,342937,-1,0,0.982753,0.743325,28;42;56,3;7;9;11;13;21;25;33;35;39;49;51;53;59;61;63;65;71
energy-1st,344443,100860,1,0.567704,0.520887,28;42;56,3;7;9;11;13;15;21;25;33;35;39;49;51;59;61;63;65;71
energy-1st,345762,-1,0,0.830552,0.766451,28;42;56,1;3;7;9;11;13;15;19;21;25;35;49;53;59;61;65;67;69
energy-1st,348203,-1,0,0.412265,0.297831,28;42;56,1;3;5;7;9;11;13;21;25;33;35;47;49;51;53;59;61;69
energy-1st,348306,-1,0,0.639055,0.534965,28;42;56,1;3;7;9;11;13;19;21;25;33;35;47;49;51;59;61;65;67
energy-1st,349389,-1,0,0.618587,0.552893,28;42;56,1;3;5;7;9;11;13;15;21;25;33;35;49;51;53;59;61;67
energy-1st,349473,-1,0,0.316609,0.34964,28;42;56,1;3;7;9;11;13;15;21;25;35;47;49;51;59;61;65;67;71
energy-1st,349534,-1,0,0.359341,0.358523,28;42;56,1;3;5;7;9;11;13;15;21;25;35;47;49;51;59;61;65;69
energy-1st,350080,-1,0,1.275948,1.130817,28;42;56,1;7;9;11;13;21;25;33;39;47;49;51;59;61;65;67;69;71
energy-1st,351008,-1,0,0.527414,0.467187,28;42;56,1;3;7;9;11;13;21;25;35;39;47;49;51;53;61;65;67;71
energy-1st,352785,-1,0,0.473833,0.424594,28;42;56,1;3;7;9;11;13;15;21;25;35;39;49;51;53;59;61;65;67
energy-1st,352871,-1,0,1.527403,1.227565,28;42;56,1;3;5;7;9;11;13;15;19;21;25;39;47;49;51;53;61;65
energy-1st,352989,-1,0,0.695964,0.675938,28;42;56,1;5;7;9;11;13;19;21;25;35;47;49;59;61;63;65;67;71
energy-1st,353042,-1,0,0.531322,0.47899,28;42;56,1;5;7;9;11;13;21;25;35;47;49;53;59;61;63;65;69;71
energy-1st,353494,-1,0,0.681139,0.661844,28;42;56,1;3;5;9;11;13;21;25;35;47;49;53;59;61;63;65;69;71
energy-1st,355110,-1,0,0.254401,0.207656,28;42;56,1;5;7;9;11;13;21;25;33;35;39;47;49;59;61;63;65;69
energy-1st,355226,-1,0,0.769483,0.565669,28;42;56,1;7;9;11;13;21;25;33;35;39;47;49;53;59;61;63;65;67
energy-1st,355491,-1,0,0.33089,0.322708,28;42;56,1;3;5;9;11;13;19;21;25;35;39;47;49;59;61;63;67;69
energy-1st,355768,101037,1,0.317589,0.354286,28;42;56,1;3;7;9;11;13;21;25;33;35;39;49;59;61;63;65;67;71
energy-1st,355826,-1,0,0.11838,0.161541,28;42;56,1;3;5;7;9;11;13;21;25;35;39;47;49;59;61;63;65;69
energy-1st,355917,-1,0,0.328713,0.352485,28;42;56,1;3;5;9;11;13;19;21;25;35;39;49;59;61;63;65;67;69
energy-1st,357286,-1,0,0.798957,0.735291,28;42;56,1;3;9;11;13;15;19;21;25;35;39;47;49;53;59;61;63;67
energy-1st,357770,-1,0,0.965353,0.939165,28;42;56,1;3;9;11;13;15;21;25;35;39;47;49;53;61;63;65;67;71
energy-1st,358113,-1,0,0.234787,0.164961,28;42;56,1;5;7;9;11;13;21;25;33;35;47;49;51;59;61;63;65;69
energy-1st,358831,109098,2,0.435213,0.515317,28;42;56,1;3;5;7;9;11;13;21;25;35;49;51;59;61;63;65;69;71
energy-1st,359345,-1,0,1.0675,0.97385,28;42;56,1;9;11;13;15;21;25;35;47;49;51;53;59;61;63;67;69;71
energy-1st,359413,-1,0,0.604398,0.620562,28;42;56,1;5;7;9;11;13;15;21;25;35;49;51;53;59;61;63;69;71
energy-1st,359591,-1,0,0.607588,0.62647,28;42;56,1;7;9;11;13;15;19;21;25;35;47;49;51;61;63;65;67;71
energy-1st,359626,-1,0,0.171961,0.181391,28;42;56,1;5;7;9;11;13;15;21;25;33;35;49;51;59;61;63;65;69
energy-1st,360271,-1,0,0.530972,0.570894,28;42;56,1;3;7;9;11;13;15;21;25;35;49;51;53;59;61;63;67;71
energy-1st,360781,-1,0,1.252657,1.146386,28;42;56,1;3;9;11;13;15;21;25;33;49;51;53;59;61;63;65;67;71
energy-1st,360994,-1,0,0.90292,0.870491,28;42;56,1;5;7;9;11;13;21;25;33;35;39;49;51;61;63;67;69;71
energy-1st,361337,-1,0,0.181809,0.209884,28;42;56,1;5;7;9;11;13;21;25;35;39;47;49;51;59;61;63;65;69
energy-1st,361738,-1,0,0.60084,0.638904,28;42;56,1;3;7;9;11;13;21;25;35;39;47;49;51;59;61;63;67;71
energy-1st,362308,-1,0,0.535452,0.582121,28;42;56,1;3;5;7;9;11;13;21;25;35;39;47;49;51;61;63;65;71
energy-1st,362318,109146,2,0.208063,0.278406,28;42;56,1;3;5;7;9;11;13;21;25;35;39;49;51;59;61;63;65;69
energy-1st,362373,-1,0,0.387425,0.431806,28;42;56,1;3;5;9;11;13;21;25;35;39;49;51;59;61;63;65;67;69
energy-1st,362771,-1,0,0.72135,0.706203,28;42;56,1;5;9;11;13;15;21;25;33;35;39;49;51;59;61;63;67;71
energy-1st,363233,109630,1,0.418467,0.428859,28;42;56,1;5;7;9;11;13;15;21;25;35;39;49;51;59;61;63;65;71
energy-1st,363526,-1,0,1.119246,1.017767,28;42;56,1;5;9;11;13;15;21;25;39;47;49;51;53;59;61;63;65;67
energy-1st,363768,-1,0,0.947537,0.891553,28;42;56,1;3;5;7;9;11;13;15;21;25;35;39;47;49;51;61;63;67
energy-1st,372359,-1,0,1.018757,0.899031,28;42;56,1;5;7;9;11;15;21;35;37;47;49;51;53;61;65;67;69;71
energy-1st,375740,-1,0,0.835375,0.79604,28;42;56,1;3;9;11;15;19;21;35;37;47;49;53;59;61;63;65;67;71
energy-1st,376521,-1,0,1.078108,0.883122,28;42;56,1;3;5;9;11;19;21;33;35;37;39;49;53;59;61;63;65;69
energy-1st,377416,-1,0,0.641593,0.555927,28;42;56,1;3;5;9;11;15;19;21;35;37;39;47;49;53;61;63;67;69
energy-1st,377581,-1,0,0.812791,0.801825,28;42;56,1;3;5;9;11;15;21;35;37;39;47;49;59;61;63;65;67;71
energy-1st,378650,-1,0,1.04486,0.929078,28;42;56,1;5;7;9;11;15;19;21;33;35;37;47;49;51;61;63;67;71
energy-1st,379498,-1,0,0.594752,0.620622,28;42;56,1;3;9;11;15;19;21;35;37;47;49;51;61;63;65;67;69;71
energy-1st,384865,-1,0,0.711263,0.630856,28;42;56,3;5;7;9;11;13;15;21;33;35;37;49;51;53;59;61;69;71
energy-1st,384953,-1,0,0.498804,0.430769,28;42;56,3;7;9;11;13;15;21;33;35;37;47;49;51;59;61;65;67;71
energy-1st,391905,-1,0,0.370837,0.344538,28;42;56,3;5;9;11;13;15;21;33;35;37;47;49;51;59;61;63;65;69
energy-1st,391914,-1,0,0.243269,0.251163,28;42;56,3;5;7;9;11;13;15;21;35;37;47;49;51;59;61;63;65;69
energy-1st,391921,104127,1,0.378832,0.369979,28;42;56,3;5;7;9;11;13;15;21;33;35;37;49;51;61;63;65;69;71
energy-1st,396169,-1,0,0.539324,0.526991,28;42;56,1;3;5;7;9;11;13;15;21;33;37;47;49;53;59;61;65;71
energy-1st,396709,-1,0,0.547888,0.505359,28;42;56,1;3;5;7;9;11;13;21;33;35;37;39;47;49;59;61;65;69
energy-1st,397935,-1,0,0.723291,0.628823,28;42;56,1;3;5;9;11;13;15;19;21;35;37;39;47;49;59;61;65;69
energy-1st,399252,-1,0,0.514071,0.521265,28;42;56,1;5;9;11;13;15;19;21;35;37;47;49;51;59;61;65;67;71
energy-1st,399654,-1,0,0.429545,0.37758,28;42;56,1;3;7;9;11;13;15;21;33;35;37;49;51;53;59;61;67;71
energy-1st,399713,106602,1,0.27978,0.318452,28;42;56,1;3;5;7;9;11;13;15;21;35;37;47;49;51;53;61;69;71
energy-1st,399861,-1,0,0.230234,0.274684,28;42;56,1;3;7;9;11;13;15;21;35;37;47;49;51;59;61;65;67;71
energy-1st,399919,-1,0,0.358401,0.382318,28;42;56,1;3;5;7;9;11;13;15;21;33;35;37;47;49;51;61;65;71
energy-1st,400109,-1,0,0.22587,0.226662,28;42;56,1;3;7;9;11;13;15;21;35;37;47;49;51;53;61;65;67;71
energy-1st,400153,-1,0,1.089051,1.041276,28;42;56,1;3;7;9;11;13;15;19;21;37;49;51;53;59;61;65;67;71
energy-1st,400168,-1,0,0.366458,0.365387,28;42;56,1;3;5;9;11;13;15;21;35;37;47;49;51;53;59;61;65;69
energy-1st,401419,-1,0,1.430628,1.103407,28;42;56,1;3;9;11;13;19;21;33;35;37;39;47;49;51;53;61;65;67
energy-1st,404142,-1,0,0.390955,0.343643,28;42;56,1;5;9;11;13;15;19;21;35;37;47;49;53;59;61;63;67;69
energy-1st,404261,-1,0,0.63423,0.621398,28;42;56,1;5;9;11;13;15;19;21;33;37;47;49;59;61;63;65;67;71
energy-1st,404282,-1,0,0.770526,0.681427,28;42;56,1;5;7;9;11;13;15;19;21;35;37;47;49;61;63;65;67;69
energy-1st,404350,-1,0,0.762557,0.560301,28;42;56,1;9;11;13;15;19;21;33;35;37;47;49;53;61;63;65;67;69
energy-1st,404603,-1,0,0.754849,0.726267,28;42;56,1;3;5;7;9;11;13;15;19;21;35;37;47;49;61;63;67;71
energy-1st,404717,106567,2,0.266023,0.291216,28;42;56,1;3;5;7;9;11;13;15;21;35;37;47;49;53;59;61;63;69
energy-1st,404723,-1,0,0.400394,0.38468,28;42;56,1;3;5;7;9;11;13;15;21;33;37;47;49;53;59;61;63;69
energy-1st,404842,102735,1,0.732781,0.73406,28;42;56,1;3;9;11;13;15;19;21;33;35;37;47;49;61;63;65;69;71
energy-1st,404931,-1,0,0.478381,0.515654,28;42;56,1;3;5;7;9;11;13;15;21;33;35;37;47;49;61;63;65;69
energy-1st,405127,-1,0,0.842411,0.8146,28;42;56,1;3;7;9;11;13;15;21;37;47;49;53;61;63;65;67;69;71
energy-1st,405436,-1,0,1.026287,0.830131,28;42;56,1;5;9;11;13;19;21;33;35;37;39;49;53;61;63;67;69;71
energy-1st,405553,-1,0,0.654851,0.539355,28;42;56,1;5;9;11;13;19;21;33;35;37;39;47;49;61;63;65;67;69
energy-1st,406023,-1,0,0.744079,0.579406,28;42;56,1;3;5;9;11;13;19;21;33;35;37;39;47;49;53;61;63;69
energy-1st,406204,-1,0,0.687203,0.717294,28;42;56,1;3;5;9;11;13;21;35;37;39;47;49;59;61;63;65;69;71
energy-1st,407794,-1,0,1.136953,1.153507,28;42;56,1;3;5;9;11;13;15;21;37;39;49;53;59;61;63;67;69;71
energy-1st,408802,-1,0,0.962719,0.876088,28;42;56,1;3;7;9;11;13;21;35;37;47;49;51;59;61;63;67;69;71
energy-1st,409217,109027,2,0.178783,0.20509,28;42;56,1;3;5;7;9;11;13;21;35;37;47;49;51;59;61;63;65;69
energy-1st,410001,-1,0,0.272554,0.290473,28;42;56,1;5;9;11;13;15;21;33;35;37;47;49;51;61;63;65;69;71
energy-1st,410009,109028,2,0.041956,0.074929,28;42;56,1;5;7;9;11;13;15;21;35;37;47;49;51;59;61;63;65;69
energy-1st,410010,109048,1,0.079427,0.167007,28;42;56,1;5;7;9;11;13;15;21;35;37;47;49;51;61;63;65;69;71
energy-1st,410013,-1,0,0.085071,0.091716,28;42;56,1;5;7;9;11;13;15;21;33;35;37;47;49;51;61;63;65;69
energy-1st,410071,108181,1,0.283831,0.355875,28;42;56,1;5;7;9;11;13;15;21;35;37;49;51;59;61;63;65;67;71
energy-1st,410318,-1,0,1.593208,1.436275,28;42;56,1;5;7;9;11;13;15;19;21;37;49;51;53;61;63;65;69;71
energy-1st,410844,110245,1,0.445913,0.521025,28;42;56,1;3;7;9;11;13;15;21;35;37;47;49;51;59;61;63;65;71
energy-1st,410979,-1,0,0.391954,0.44372,28;42;56,1;3;5;7;9;11;13;15;21;35;37;47;49;51;59;61;63;65
energy-1st,410996,-1,0,0.428723,0.444985,28;42;56,1;3;5;7;9;11;13;15;21;33;37;47;49;51;61;63;65;69
energy-1st,411730,-1,0,0.50126,0.447549,28;42;56,1;5;7;9;11;13;21;33;35;37;39;49;51;59;61;63;65;69
energy-1st,413372,-1,0,0.985032,0.748706,28;42;56,1;5;7;9;11;13;15;21;33;35;37;39;49;51;53;59;61;63
energy-1st,420031,-1,0,1.084757,0.978923,28;42;56,3;5;9;11;15;21;25;35;37;47;49;53;59;61;63;65;67;71
energy-1st,423647,97005,1,0.508292,0.491107,28;42;56,3;7;9;11;15;21;25;33;35;37;47;49;51;61;63;65;69;71
energy-1st,423680,98806,1,0.371122,0.377856,28;42;56,3;7;9;11;15;21;25;33;35;37;49;51;59;61;63;65;67;71
energy-1st,431652,96609,1,0.684811,0.653693,28;42;56,1;3;7;9;11;15;21;25;33;35;37;47;49;51;59;61;65;71
energy-1st,431995,-1,0,1.099325,1.060399,28;42;56,1;3;5;9;11;15;21;25;37;47;49;51;53;59;61;65;69;71
energy-1st,437844,-1,0,0.778085,0.710911,28;42;56,1;3;5;9;11;19;21;25;35;37;39;47;49;53;61;63;69;71
energy-1st,437919,-1,0,0.488348,0.437491,28;42;56,1;3;5;9;11;19;21;25;35;37;39;49;53;59;61;63;67;69
energy-1st,439262,-1,0,0.952957,0.80642,28;42;56,1;3;7;9;11;15;19;21;25;35;37;39;47;49;61;63;67;71
energy-1st,440820,-1,0,1.338021,1.181038,28;42;56,1;3;5;9;11;21;25;33;35;37;47;49;51;53;59;61;63;71
energy-1st,440950,-1,0,0.600139,0.559815,28;42;56,1;3;7;9;11;21;25;33;35;37;47;49;51;61;63;65;69;71
energy-1st,441046,-1,0,0.15053,0.167789,28;42;56,1;3;5;7;9;11;21;25;33;35;37;49;51;59;61;63;65;69
energy-1st,441835,-1,0,0.503902,0.533966,28;42;56,1;5;7;9;11;15;21;25;35;37;49;51;59;61;63;65;69;71
energy-1st,442735,109040,1,0.267026,0.366726,28;42;56,1;3;7;9;11;15;21;25;35;37;49;51;59;61;63;65;67;71
energy-1st,442869,-1,0,0.402612,0.429224,28;42;56,1;3;5;9;11;15;21;25;35;37;49;51;59;61;63;65;67;69
energy-1st,443004,-1,0,0.857809,0.777479,28;42;56,1;3;7;9;11;15;21;25;35;37;47;49;51;53;61;63;65;67
energy-1st,447913,-1,0,0.964118,0.85301,28;42;56,3;5;9;11;13;19;21;25;35;37;39;47;49;53;61;67;69;71
energy-1st,449421,-1,0,1.010129,0.783809,28;42;56,3;7;9;11;13;15;19;21;25;35;37;39;49;53;61;65;67;71
energy-1st,454911,-1,0,0.409121,0.344199,28;42;56,3;5;7;9;11;13;21;25;33;35;37;49;53;61;63;67;69;71
energy-1st,456152,-1,0,0.694594,0.694402,28;42;56,3;7;9;11;13;15;21;25;33;37;49;59;61;63;65;67;69;71
energy-1st,459013,-1,0,0.703766,0.560068,28;42;56,3;5;7;9;11;13;15;21;25;33;37;39;47;49;53;61;63;69
energy-1st,459807,98799,1,0.40497,0.371465,28;42;56,5;7;9;11;13;21;25;33;35;37;49;51;59;61;63;65;67;71
energy-1st,460494,98943,4,0.0,0.0,28;42;56,3;5;7;9;11;13;21;25;33;35;37;49;51;59;61;63;65;69
energy-1st,461283,-1,0,0.440372,0.439459,28;42;56,5;7;9;11;13;15;21;25;35;37;49;51;59;61;63;65;69;71
energy-1st,461741,99294,1,0.512967,0.495845,28;42;56,3;5;7;9;11;13;15;21;25;33;35;37;49;51;59;61;63;71
energy-1st,467189,-1,0,0.841477,0.75303,28;42;56,1;5;9;11;13;15;19;21;25;35;37;47;49;53;61;65;67;69
energy-1st,467581,-1,0,0.568298,0.611538,28;42;56,1;3;7;9;11;13;15;21;25;33;35;37;49;59;61;65;67;71
energy-1st,468126,-1,0,1.198738,1.023638,28;42;56,1;5;7;9;11;13;21;25;35;37;39;47;49;53;59;61;67;69
energy-1st,468927,-1,0,0.509345,0.533633,28;42;56,1;3;5;7;9;11;13;21;25;35;37;39;47;49;61;65;69;71
energy-1st,469167,-1,0,0.943284,0.913906,28;42;56,1;3;5;9;11;13;21;25;35;37;39;47;49;53;59;61;65;71
energy-1st,469911,-1,0,0.744803,0.597398,28;42;56,1;7;9;11;13;15;21;25;33;35;37;39;49;53;61;65;67;71
energy-1st,471036,-1,0,1.22802,1.131852,28;42;56,1;5;9;11;13;19;21;25;33;35;37;47;49;51;61;67;69;71
energy-1st,471780,-1,0,0.266773,0.287032,28;42;56,1;3;5;7;9;11;13;21;25;35;37;47;49;51;53;61;67;71
energy-1st,471929,-1,0,0.213207,0.21803,28;42;56,1;3;5;7;9;11;13;21;25;35;37;47;49;51;59;61;65;69
energy-1st,472250,-1,0,0.434189,0.355531,28;42;56,1;3;5;9;11;13;21;25;35;37;47;49;51;53;61;65;67;69
energy-1st,472251,-1,0,0.224127,0.19636,28;42;56,1;3;5;9;11;13;21;25;35;37;49;51;53;59;61;65;67;69
energy-1st,472726,98983,2,0.249263,0.237258,28;42;56,1;5;7;9;11;13;15;21;25;33;35;37;49;51;59;61;65;69
energy-1st,472917,-1,0,0.53993,0.468639,28;42;56,1;7;9;11;13;15;21;25;35;37;47;49;51;53;61;65;67;69
energy-1st,473441,107112,1,0.506118,0.498034,28;42;56,1;3;5;7;9;11;13;15;21;25;35;37;49;51;53;59;61;71
energy-1st,473808,-1,0,0.732247,0.735473,28;42;56,1;3;9;11;13;15;21;25;35;37;47;49;51;53;61;65;69;71
energy-1st,475344,98217,1,0.527236,0.487021,28;42;56,1;3;7;9;11;13;21;25;33;35;37;39;49;51;61;65;67;71
energy-1st,475412,-1,0,0.432749,0.373342,28;42;56,1;3;5;7;9;11;13;21;25;33;35;37;39;49;51;59;61;65
energy-1st,476409,-1,0,0.691483,0.599764,28;42;56,1;5;7;9;11;13;15;21;25;35;37;39;49;51;61;65;67;71
energy-1st,478303,-1,0,0.526143,0.526444,28;42;56,1;3;7;9;11;13;21;25;35;37;47;49;59;61;63;65;67;71
energy-1st,478369,99420,4,0.146516,0.188778,28;42;56,1;3;5;7;9;11;13;21;25;33;35;37;49;59;61;63;65;69
energy-1st,479151,-1,0,0.559255,0.576749,28;42;56,1;5;7;9;11;13;15;21;25;35;37;47;49;59;61;63;65;71
energy-1st,479203,-1,0,0.742271,0.716514,28;42;56,1;5;9;11;13;15;21;25;33;35;37;47;49;61;63;65;67;71
energy-1st,479345,-1,0,0.642431,0.644696,28;42;56,1;7;9;11;13;15;21;25;37;47;49;53;59;61;63;65;67;71
energy-1st,479488,-1,0,0.403289,0.403146,28;42;56,1;5;7;9;11;13;15;21;25;35;37;49;53;59;61;63;65;67
energy-1st,481379,-1,0,0.805675,0.799171,28;42;56,1;3;5;9;11;13;21;25;35;37;39;47;49;59;61;63;67;71
energy-1st,482089,-1,0,0.639111,0.614697,28;42;56,1;3;5;9;11;13;21;25;35;37;39;47;49;53;61;63;65;69
energy-1st,484309,-1,0,0.02552,0.042123,28;42;56,1;5;7;9;11;13;21;25;33;35;37;49;51;59;61;63;65;69
energy-1st,485033,-1,0,0.161845,0.217967,28;42;56,1;3;5;7;9;11;13;21;25;35;37;49;51;53;59;61;63;69
energy-1st,485280,-1,0,0.313753,0.334501,28;42;56,1;3;5;7;9;11;13;21;25;33;37;47;49;51;59;61;63;65
energy-1st,485284,-1,0,0.16072,0.223383,28;42;56,1;3;5;7;9;11;13;21;25;35;37;47;49;51;61;63;65;69
energy-1st,485285,109111,4,0.008344,0.12142,28;42;56,1;3;5;7;9;11;13;21;25;35;37;49;51;59;61;63;65;69
energy-1st,485290,-1,0,0.24076,0.238874,28;42;56,1;3;5;7;9;11;13;21;25;33;35;37;49;51;61;63;65;69
energy-1st,486002,-1,0,0.724322,0.702726,28;42;56,1;5;9;11;13;15;21;25;35;37;47;49;51;53;61;63;67;71
energy-1st,486066,-1,0,0.507634,0.529861,28;42;56,1;7;9;11;13;15;21;25;33;35;37;49;51;59;61;63;65;71
energy-1st,486209,109115,2,0.014668,0.052132,28;42;56,1;5;7;9;11;13;15;21;25;35;37;49;51;59;61;63;65;69
energy-1st,486417,-1,0,0.917098,0.844015,28;42;56,1;9;11;13;15;19;21;25;35;37;49;51;53;61;63;65;67;71
energy-1st,486678,-1,0,0.432878,0.440015,28;42;56,1;3;5;7;9;11;13;15;21;25;33;37;49;51;59;61;63;69
energy-1st,486927,-1,0,0.597854,0.590864,28;42;56,1;3;5;7;9;11;13;15;21;25;35;37;49;51;53;61;63;69
energy-1st,487075,-1,0,0.532192,0.598523,28;42;56,1;3;7;9;11;13;15;21;25;37;47;49;51;61;63;65;67;71
energy-1st,488687,-1,0,1.141958,1.062391,28;42;56,1;3;5;7;9;11;13;21;25;37;39;49;51;53;61;63;67;71
energy-1st,489854,-1,0,2.064167,1.815376,28;42;56,1;3;9;11;13;15;19;21;25;35;37;39;47;49;51;59;61;63
energy-2nd,13236,-1,0,1.183138,1.040745,28;42;56,1;3;5;9;11;13;15;21;25;33;35;47;51;59;63;65;67;71
energy-2nd,13867,-1,0,1.090557,0.893301,28;42;56,1;3;5;7;9;11;13;19;21;25;35;39;47;51;53;59;63;67
energy-2nd,16084,-1,0,2.105788,1.7323,28;42;56,3;9;11;15;19;21;33;37;39;47;51;53;59;63;65;67;69;71
energy-2nd,23330,-1,0,0.852979,0.683533,28;42;56,1;3;5;9;11;13;21;33;35;37;39;47;53;59;63;65;69;71
energy-2nd,34325,-1,0,0.896115,0.682266,28;42;56,1;3;5;7;9;11;19;21;25;35;37;39;51;53;59;63;65;71
energy-2nd,37671,-1,0,2.40248,2.180917,28;42;56,3;5;7;9;11;13;15;19;21;25;33;35;37;47;63;67;69;71
energy-2nd,39674,-1,0,1.863127,1.594191,28;42;56,3;5;7;9;11;13;15;19;21;25;33;37;51;59;63;65;67;69
energy-2nd,44589,-1,0,0.654758,0.545241,28;42;56,1;3;5;7;9;11;13;21;25;35;37;39;47;51;53;59;67;71
energy-2nd,44761,-1,0,0.761013,0.62366,28;42;56,1;3;7;9;11;13;21;25;35;37;39;47;51;53;59;65;69;71
energy-2nd,44902,-1,0,0.680563,0.468491,28;42;56,1;3;5;9;11;13;21;25;33;35;37;39;51;53;59;65;67;71
energy-2nd,48683,-1,0,0.964198,0.832717,28;42;56,1;3;5;7;9;11;13;15;21;25;35;37;39;47;53;63;69;71
energy-2nd,53875,-1,0,0.264979,0.230672,28;42;56,1;3;7;9;11;13;15;21;25;35;37;39;51;59;63;65;67;71
energy-2nd,70690,-1,0,0.812657,0.631555,28;42;56,1;3;5;9;11;21;25;33;35;39;49;53;59;63;65;67;69;71
energy-2nd,73888,-1,0,0.636888,0.419261,28;42;56,1;3;5;7;9;11;15;21;25;33;35;39;49;51;53;59;63;69
energy-2nd,74035,100738,1,0.251622,0.209225,28;42;56,1;3;7;9;11;15;21;25;33;35;39;49;51;59;63;65;67;71
energy-2nd,79334,-1,0,1.311601,0.997654,28;42;56,3;5;9;11;13;19;21;25;33;39;47;49;51;53;63;65;67;71
energy-2nd,80013,-1,0,0.67233,0.485712,28;42;56,3;7;9;11;13;15;21;25;33;35;39;49;51;53;59;63;67;71
energy-2nd,80933,-1,0,0.979256,0.876632,28;42;56,1;3;5;7;9;11;13;15;21;25;33;35;49;53;59;65;69;71
energy-2nd,81270,-1,0,0.725814,0.647262,28;42;56,1;3;5;9;11;13;19;21;25;35;39;49;53;59;65;67;69;71
energy-2nd,82131,-1,0,1.288553,1.050718,28;42;56,1;3;5;7;9;11;13;19;21;25;33;35;49;51;53;67;69;71
energy-2nd,83160,-1,0,1.053877,0.779847,28;42;56,1;5;9;11;13;19;21;25;33;35;39;47;49;51;53;65;69;71
energy-2nd,83676,-1,0,0.411371,0.350647,28;42;56,1;3;5;7;9;11;13;21;25;35;39;49;51;53;59;65;67;71
energy-2nd,86259,-1,0,0.598814,0.541803,28;42;56,1;3;5;7;9;11;13;21;25;33;35;39;49;59;63;67;69;71
energy-2nd,86440,-1,0,0.326911,0.301109,28;42;56,1;3;5;7;9;11;13;21;25;35;39;47;49;59;63;65;69;71
energy-2nd,88104,-1,0,0.430432,0.365715,28;42;56,1;5;7;9;11;13;19;21;25;35;47;49;51;59;63;65;67;71
energy-2nd,88363,-1,0,0.839666,0.61675,28;42;56,1;3;5;7;9;11;13;21;25;33;35;47;49;51;53;63;67;69
energy-2nd,88463,-1,0,0.558721,0.461729,28;42;56,1;3;5;7;9;11;13;19;21;25;33;35;49;51;59;63;65;69
energy-2nd,88494,-1,0,0.423065,0.333624,28;42;56,1;3;5;9;11;13;19;21;25;35;47;49;51;59;63;65;67;69
energy-2nd,88893,-1,0,1.094019,0.962329,28;42;56,1;5;7;9;11;13;15;19;21;25;47;49;51;53;63;67;69;71
energy-2nd,89302,-1,0,0.413932,0.408631,28;42;56,1;3;5;7;9;11;13;15;21;25;33;35;49;51;59;63;67;71
energy-2nd,89390,-1,0,0.433389,0.421861,28;42;56,1;3;7;9;11;13;15;21;25;35;49;51;53;59;63;67;69;71
energy-2nd,90732,-1,0,0.297189,0.269644,28;42;56,1;3;5;7;9;11;13;21;25;35;39;47;49;51;53;63;69;71
energy-2nd,90886,-1,0,0.281277,0.253436,28;42;56,1;3;7;9;11;13;21;25;35;39;47;49;51;63;65;67;69;71
energy-2nd,90943,-1,0,0.15826,0.19793,28;42;56,1;3;5;7;9;11;13;21;25;35;39;49;51;59;63;65;69;71
energy-2nd,90949,-1,0,0.215837,0.195149,28;42;56,1;3;5;7;9;11;13;21;25;33;39;47;49;51;63;65;69;71
energy-2nd,90969,-1,0,0.560427,0.478228,28;42;56,1;3;5;7;9;11;13;19;21;25;39;47;49;51;59;63;65;71
energy-2nd,91353,-1,0,1.080591,0.867665,28;42;56,1;5;9;11;13;15;19;21;25;33;35;39;47;49;51;59;63;69
energy-2nd,91385,-1,0,0.590508,0.523095,28;42;56,1;5;7;9;11;13;15;21;25;35;39;49;51;59;63;67;69;71
energy-2nd,92154,-1,0,0.725018,0.602962,28;42;56,1;3;9;11;13;15;19;21;25;35;39;47;49;51;59;63;67;69
energy-2nd,92195,-1,0,0.570266,0.485336,28;42;56,1;3;5;7;9;11;13;15;21;25;35;39;47;49;51;59;63;69
energy-2nd,92576,-1,0,0.50386,0.488701,28;42;56,1;3;7;9;11;13;15;21;25;39;47;49;51;59;63;65;69;71
energy-2nd,99181,-1,0,0.578416,0.461263,28;42;56,1;3;5;7;9;11;15;21;33;35;37;49;51;53;59;63;69;71
energy-2nd,108873,-1,0,1.560381,1.276497,28;42;56,1;3;5;7;9;11;13;15;19;21;33;35;37;39;47;49;65;69
energy-2nd,110051,-1,0,0.679888,0.479027,28;42;56,1;3;5;9;11;13;15;19;21;33;35;37;49;51;53;59;65;69
energy-2nd,110762,-1,0,0.592728,0.465736,28;42;56,1;3;5;9;11;13;19;21;35;37;39;47;49;51;53;65;69;71
energy-2nd,111293,-1,0,0.822764,0.703979,28;42;56,1;5;9;11;13;15;21;35;37;39;49;51;53;59;65;67;69;71
energy-2nd,112051,-1,0,0.83671,0.716523,28;42;56,1;3;5;7;9;11;13;15;21;37;39;47;49;51;53;65;69;71
energy-2nd,114836,-1,0,0.644118,0.612351,28;42;56,1;3;5;9;11;13;15;21;35;37;39;49;59;63;65;67;69;71
energy-2nd,115592,-1,0,0.511344,0.51559,28;42;56,1;3;5;7;9;11;13;19;21;35;37;49;51;59;63;65;69;71
energy-2nd,115758,-1,0,0.60959,0.427916,28;42;56,1;3;5;7;9;11;13;21;33;35;37;49;51;53;63;65;69;71
energy-2nd,116073,-1,0,0.331002,0.277997,28;42;56,1;5;7;9;11;13;15;21;33;37;47;49;51;59;63;65;69;71
energy-2nd,116127,-1,0,0.563287,0.419017,28;42;56,1;5;9;11;13;15;19;21;33;37;47;49;51;59;63;65;67;69
energy-2nd,116129,-1,0,0.431944,0.34244,28;42;56,1;5;9;11;13;15;19;21;33;37;47;49;51;63;65;67;69;71
energy-2nd,118135,-1,0,0.433283,0.427097,28;42;56,1;3;5;7;9;11;13;21;35;37;39;49;51;59;63;65;67;71
energy-2nd,119494,-1,0,1.414736,1.036414,28;42;56,1;3;7;9;11;13;15;19;21;33;35;37;39;49;51;53;63;69
energy-2nd,129317,-1,0,0.696001,0.476608,28;42;56,1;3;5;7;9;11;21;25;33;35;37;39;49;51;53;65;69;71
energy-2nd,130902,-1,0,0.855335,0.671672,28;42;56,1;3;7;9;11;19;21;25;33;35;37;49;53;59;63;65;67;71
energy-2nd,133200,-1,0,0.486417,0.378013,28;42;56,1;3;5;7;9;11;15;21;25;35;37;39;49;53;59;63;67;71
energy-2nd,133507,-1,0,1.245772,0.94132,28;42;56,1;3;7;9;11;15;19;21;25;33;37;39;47;49;53;63;65;71
energy-2nd,133954,-1,0,0.790144,0.612101,28;42;56,1;3;5;7;9;11;21;25;35;37;47;49;51;59;63;67;69;71
energy-2nd,134074,-1,0,0.823893,0.576774,28;42;56,1;3;5;9;11;19;21;25;33;35;37;47;49;51;53;63;67;69
energy-2nd,134913,96362,1,1.022371,0.830728,28;42;56,1;5;7;9;11;15;19;21;25;35;37;49;51;53;63;65;67;71
energy-2nd,134992,-1,0,0.368696,0.303591,28;42;56,1;3;5;9;11;15;21;25;33;35;37;47;49;51;63;67;69;71
energy-2nd,135082,-1,0,0.284008,0.178126,28;42;56,1;3;7;9;11;15;21;25;33;35;37;49;51;53;59;63;67;71
energy-2nd,135274,-1,0,0.411651,0.374144,28;42;56,1;3;7;9;11;15;19;21;25;35;37;47;49;51;63;65;69;71
energy-2nd,135296,-1,0,0.330792,0.294307,28;42;56,1;3;7;9;11;15;21;25;35;37;49;51;59;63;65;67;69;71
energy-2nd,135405,-1,0,0.412636,0.328205,28;42;56,1;3;5;9;11;15;21;25;33;35;37;49;51;59;63;65;67;69
energy-2nd,135429,-1,0,0.925983,0.834516,28;42;56,1;3;5;7;9;11;15;21;25;33;37;49;51;63;65;67;69;71
energy-2nd,135474,-1,0,0.454555,0.291885,28;42;56,1;3;7;9;11;15;21;25;33;35;37;49;51;53;59;63;65;71
energy-2nd,136323,-1,0,0.995591,0.820347,28;42;56,1;3;5;7;9;11;19;21;25;35;37;39;49;51;59;63;67;69
energy-2nd,140747,-1,0,1.561753,1.287131,28;42;56,3;5;7;9;11;13;15;19;21;25;35;37;49;51;53;59;67;69
energy-2nd,144264,-1,0,1.665133,1.32795,28;42;56,5;7;9;11;13;21;25;35;37;39;47;49;53;59;63;65;67;69
energy-2nd,147976,-1,0,1.317985,1.070889,28;42;56,3;5;9;11;13;15;21;25;33;35;37;47;49;51;53;63;65;69
energy-2nd,152033,-1,0,1.052046,0.916381,28;42;56,1;3;5;9;11;13;15;21;25;35;37;47;49;53;65;67;69;71
energy-2nd,154572,-1,0,0.394375,0.320445,28;42;56,1;3;5;9;11;13;19;21;25;33;35;37;49;51;59;65;67;71
energy-2nd,154697,-1,0,0.214616,0.092588,28;42;56,1;3;5;7;9;11;13;21;25;33;35;37;49;51;53;59;65;71
energy-2nd,154701,-1,0,0.168752,0.175405,28;42;56,1;3;5;7;9;11;13;21;25;35;37;49;51;53;59;65;69;71
energy-2nd,154735,-1,0,0.444836,0.347059,28;42;56,1;3;5;7;9;11;13;19;21;25;35;37;49;51;53;59;65;69
energy-2nd,155473,-1,0,0.668552,0.516677,28;42;56,1;3;7;9;11;13;15;21;25;33;35;37;49;51;53;59;67;69
energy-2nd,155757,-1,0,0.628824,0.534454,28;42;56,1;3;5;9;11;13;15;19;21;25;33;37;47;49;51;65;69;71
energy-2nd,156992,-1,0,0.639708,0.514972,28;42;56,1;3;7;9;11;13;19;21;25;35;37;39;49;51;59;65;67;71
energy-2nd,158726,-1,0,0.541149,0.467709,28;42;56,1;3;7;9;11;13;15;21;25;35;37;39;49;51;65;67;69;71
energy-2nd,159418,-1,0,0.655582,0.618206,28;42;56,1;3;5;7;9;11;13;19;21;25;35;37;47;49;53;59;63;71
energy-2nd,159541,-1,0,0.570129,0.51863,28;42;56,1;3;5;7;9;11;13;19;21;25;33;35;37;49;59;63;65;71
energy-2nd,161818,-1,0,0.315277,0.295752,28;42;56,1;3;5;7;9;11;13;21;25;35;37;39;49;53;59;63;69;71
energy-2nd,162617,-1,0,0.844852,0.634716,28;42;56,1;5;7;9;11;13;15;21;25;33;37;39;49;53;59;63;69;71
energy-2nd,163234,-1,0,1.311457,1.099653,28;42;56,1;3;9;11;13;15;19;21;25;35;37;39;47;49;59;63;67;71
energy-2nd,163606,-1,0,0.828785,0.764008,28;42;56,1;3;5;9;11;13;15;21;25;37;39;49;53;59;63;67;69;71
energy-2nd,164329,-1,0,0.313708,0.274469,28;42;56,1;5;7;9;11;13;19;21;25;35;37;47;49;51;63;65;69;71
energy-2nd,164335,-1,0,0.429549,0.308113,28;42;56,1;5;7;9;11;13;19;21;25;33;35;37;49;51;63;65;69;71
energy-2nd,164507,-1,0,0.817915,0.738613,28;42;56,1;5;9;11;13;19;21;25;37;47;49;51;53;59;63;65;69;71
energy-2nd,164604,-1,0,1.007836,0.898952,28;42;56,1;3;7;9;11;13;21;25;33;35;37;47;49;51;59;63;69;71
energy-2nd,164683,-1,0,0.507378,0.402362,28;42;56,1;3;5;7;9;11;13;21;25;33;35;37;47;49;51;63;67;69
energy-2nd,164706,-1,0,0.227435,0.248139,28;42;56,1;3;5;7;9;11;13;19;21;25;35;37;49;51;59;63;67;71
energy-2nd,164924,-1,0,0.646718,0.601855,28;42;56,1;3;5;7;9;11;13;19;21;25;37;49;51;53;59;63;67;71
energy-2nd,165000,-1,0,0.148142,0.16333,28;42;56,1;3;7;9;11;13;19;21;25;35;37;49;51;59;63;65;67;71
energy-2nd,165026,-1,0,0.282196,0.249341,28;42;56,1;3;5;7;9;11;13;21;25;33;35;37;47;49;51;63;65;71
energy-2nd,165029,-1,0,0.233055,0.192188,28;42;56,1;3;5;7;9;11;13;21;25;35;37;47;49;51;59;63;65;69
energy-2nd,165091,-1,0,0.050997,0.088255,28;42;56,1;3;5;7;9;11;13;21;25;35;37;49;51;59;63;65;67;71
energy-2nd,165203,-1,0,0.745062,0.549453,28;42;56,1;3;9;11;13;21;25;33;35;37;49;51;53;59;63;65;67;71
energy-2nd,165298,99069,2,0.245908,0.226258,28;42;56,1;3;5;7;9;11;13;21;25;35;37;49;51;53;63;65;69;71
energy-2nd,165487,-1,0,0.516099,0.449605,28;42;56,1;5;9;11;13;15;19;21;25;35;37;47;49;51;63;67;69;71
energy-2nd,165545,-1,0,1.081442,0.91329,28;42;56,1;9;11;13;15;21;25;35;37;47;49;51;53;59;63;67;69;71
energy-2nd,165822,-1,0,0.122595,0.116371,28;42;56,1;5;7;9;11;13;15;21;25;35;37;47;49;51;63;65;69;71
energy-2nd,165826,99019,2,0.132849,0.080086,28;42;56,1;5;7;9;11;13;15;21;25;33;35;37;49;51;59;63;65;69
energy-2nd,165829,105599,1,0.097496,0.077548,28;42;56,1;5;7;9;11;13;15;21;25;33;37;47;49;51;63;65;69;71
energy-2nd,165912,-1,0,0.291573,0.21156,28;42;56,1;5;9;11;13;15;19;21;25;35;37;49;51;59;63;65;67;69
energy-2nd,166139,-1,0,0.736682,0.54583,28;42;56,1;5;9;11;13;15;21;25;33;35;37;49;51;53;63;65;67;71
energy-2nd,166162,-1,0,0.780431,0.660778,28;42;56,1;5;7;9;11;13;15;21;25;35;37;49;51;53;63;65;67;69
energy-2nd,166726,-1,0,0.363012,0.324806,28;42;56,1;3;7;9;11;13;15;21;25;33;35;37;49;51;59;63;65;67
energy-2nd,166731,-1,0,0.513398,0.48078,28;42;56,1;3;7;9;11;13;15;21;25;35;37;47;49;51;63;65;67;69
energy-2nd,166861,-1,0,0.746931,0.73699,28;42;56,1;3;5;9;11;13;15;21;25;37;49;51;59;63;65;67;69;71
energy-2nd,166939,-1,0,0.919012,0.812472,28;42;56,1;3;9;11;13;15;19;21;25;35;37;49;51;53;59;63;65;71
energy-2nd,167535,-1,0,0.340152,0.257176,28;42;56,1;5;7;9;11;13;21;25;33;35;37;39;49;51;59;63;65;71
energy-2nd,168382,-1,0,0.393207,0.320488,28;42;56,1;3;7;9;11;13;21;25;33;35;37;39;49;51;59;63;65;69
energy-2nd,168492,-1,0,0.88331,0.834363,28;42;56,1;3;5;9;11;13;21;25;35;37;39;47;49;51;59;63;65;71
energy-2nd,169972,-1,0,0.829479,0.672968,28;42;56,1;3;5;7;9;11;13;15;21;25;37;39;47;49;51;63;67;71
energy-2nd,170211,-1,0,1.769871,1.348886,28;42;56,1;3;5;9;11;13;15;19;21;25;33;37;39;49;51;53;63;67
energy-2nd,184617,-1,0,1.532647,1.276243,28;42;56,1;3;5;7;9;11;15;21;25;35;47;53;59;61;65;67;69;71
energy-2nd,190103,-1,0,0.894046,0.660506,28;42;56,1;3;7;9;11;15;21;25;33;35;39;47;51;53;59;61;63;67
energy-2nd,195182,-1,0,0.956883,0.83211,28;42;56,3;5;7;9;11;13;19;21;25;35;39;47;51;61;63;67;69;71
energy-2nd,195322,-1,0,0.661059,0.453124,28;42;56,3;7;9;11;13;21;25;33;35;39;47;51;59;61;63;65;67;69
energy-2nd,195381,-1,0,0.358728,0.30166,28;42;56,3;5;7;9;11;13;21;25;35;39;47;51;59;61;63;65;67;71
energy-2nd,199749,-1,0,0.288652,0.278676,28;42;56,1;3;5;7;9;11;13;21;25;35;39;47;51;59;61;65;67;71
energy-2nd,200661,-1,0,0.626517,0.488757,28;42;56,1;3;7;9;11;13;15;21;25;33;35;39;51;53;59;61;67;71
energy-2nd,201662,-1,0,1.113549,1.004155,28;42;56,1;5;9;11;13;15;19;21;25;35;47;59;61;63;65;67;69;71
energy-2nd,201754,-1,0,1.571247,1.344841,28;42;56,1;5;7;9;11;13;15;21;25;33;35;47;53;61;63;65;67;71
energy-2nd,202723,-1,0,0.513217,0.510051,28;42;56,1;3;5;7;9;11;13;21;25;33;35;39;59;61;63;65;69;71
energy-2nd,202856,-1,0,0.854944,0.723266,28;42;56,1;3;9;11;13;19;21;25;35;39;47;53;59;61;63;65;67;69
energy-2nd,204634,-1,0,0.518796,0.475962,28;42;56,1;3;5;7;9;11;13;21;25;35;47;51;53;59;61;63;67;71
energy-2nd,204722,-1,0,0.49822,0.493592,28;42;56,1;3;5;7;9;11;13;21;25;35;47;51;59;61;63;65;69;71
energy-2nd,206846,-1,0,1.021402,0.85489,28;42;56,1;3;5;7;9;11;13;19;21;25;33;35;39;47;51;59;61;63
energy-2nd,207059,-1,0,0.747768,0.565952,28;42;56,1;3;5;9;11;13;21;25;33;35;39;51;53;59;61;63;67;71
energy-2nd,225647,-1,0,0.722137,0.656141,28;42;56,1;3;5;7;9;11;13;19;21;35;37;51;53;59;61;65;69;71
energy-2nd,229242,-1,0,1.051815,0.899541,28;42;56,1;3;7;9;11;13;15;19;21;33;35;37;53;59;61;63;65;69
energy-2nd,231855,-1,0,0.365765,0.275568,28;42;56,1;3;5;7;9;11;13;21;33;35;37;47;51;59;61;63;65;69
energy-2nd,234354,-1,0,0.306561,0.32958,28;42;56,1;3;5;7;9;11;13;21;35;37;39;47;51;61;63;65;69;71
energy-2nd,248277,-1,0,1.064477,0.863952,28;42;56,1;3;9;11;19;21;25;33;35;37;39;53;59;61;63;67;69;71
energy-2nd,250315,-1,0,0.808552,0.742773,28;42;56,1;3;5;7;9;11;19;21;25;35;37;47;51;53;61;63;69;71
energy-2nd,250391,-1,0,0.752596,0.518427,28;42;56,1;3;7;9;11;21;25;33;35;37;47;51;59;61;63;65;67;69
energy-2nd,252556,-1,0,0.750897,0.64885,28;42;56,1;3;5;9;11;21;25;33;35;37;39;47;51;59;61;63;67;71
energy-2nd,260627,-1,0,1.489121,1.295949,28;42;56,3;5;7;9;11;13;19;21;25;37;39;47;59;61;63;67;69;71
energy-2nd,260971,-1,0,0.336889,0.314978,28;42;56,3;5;7;9;11;13;21;25;35;37;39;53;59;61;63;65;69;71
energy-2nd,265344,-1,0,0.46597,0.401481,28;42;56,3;5;9;11;13;21;25;35;37;39;47;51;61;63;65;67;69;71
energy-2nd,269029,-1,0,0.425629,0.373317,28;42;56,1;3;5;9;11;13;21;25;35;37;39;53;59;61;65;67;69;71
energy-2nd,269059,-1,0,0.461855,0.391518,28;42;56,1;3;5;9;11;13;19;21;25;35;37;39;53;59;61;65;67;71
energy-2nd,270565,-1,0,1.185745,0.865513,28;42;56,1;5;9;11;13;19;21;25;33;35;37;47;51;53;59;61;65;67
energy-2nd,270854,-1,0,0.566534,0.444386,28;42;56,1;3;5;9;11;13;19;21;25;35;37;47;51;59;61;65;67;69
energy-2nd,271041,-1,0,0.227442,0.203792,28;42;56,1;3;5;7;9;11;13;21;25;35;37;51;53;59;61;65;67;71
energy-2nd,272055,-1,0,1.355217,1.121515,28;42;56,1;3;5;7;9;11;13;15;19;21;25;33;35;37;51;61;65;69
energy-2nd,278141,-1,0,0.529034,0.480493,28;42;56,1;3;5;9;11;13;21;25;35;37;39;47;53;59;61;63;67;71
energy-2nd,278514,-1,0,0.615185,0.552895,28;42;56,1;3;9;11;13;19;21;25;35;37;39;53;59;61;63;65;67;71
energy-2nd,278564,100262,2,0.31561,0.307511,28;42;56,1;3;5;7;9;11;13;21;25;35;37;39;53;59;61;63;65;71
energy-2nd,278595,-1,0,0.684465,0.596977,28;42;56,1;3;5;9;11;13;19;21;25;35;37;39;53;61;63;65;69;71
energy-2nd,280472,-1,0,0.663102,0.602391,28;42;56,1;5;7;9;11;13;21;25;35;37;47;51;53;59;61;63;69;71
energy-2nd,281041,-1,0,0.472506,0.342359,28;42;56,1;3;7;9;11;13;21;25;33;35;37;51;53;59;61;63;67;71
energy-2nd,281248,-1,0,0.332826,0.291033,28;42;56,1;3;7;9;11;13;21;25;35;37;47;51;59;61;63;65;67;71
energy-2nd,283149,-1,0,0.987652,0.959184,28;42;56,1;3;5;7;9;11;13;15;21;25;35;37;51;61;63;65;67;71
energy-2nd,284329,-1,0,0.494985,0.421625,28;42;56,1;3;5;9;11;13;21;25;35;37;39;47;51;59;61;63;67;69
energy-2nd,284719,108511,1,0.178686,0.198612,28;42;56,1;3;7;9;11;13;21;25;35;37;39;51;59;61;63;65;67;71
energy-2nd,285054,-1,0,0.906616,0.778835,28;42;56,1;3;5;7;9;11;13;21;25;35;37;39;51;53;61;63;65;69
energy-2nd,285824,-1,0,1.876918,1.562741,28;42;56,1;9;11;13;15;21;25;33;35;37;39;47;51;53;61;63;65;71
energy-2nd,292629,-1,0,2.018662,1.746006,28;42;56,1;3;5;7;9;11;21;33;47;49;51;53;59;61;63;65;67;71
energy-2nd,299922,-1,0,1.001627,0.735619,28;42;56,3;5;7;9;11;13;21;33;35;39;47;49;51;53;61;63;67;69
energy-2nd,302162,-1,0,1.045618,0.825945,28;42;56,1;3;5;7;9;11;13;19;21;33;35;39;49;53;59;61;65;71
energy-2nd,305371,106572,1,0.434979,0.36848,28;42;56,1;3;5;7;9;11;13;15;21;35;39;47;49;51;53;59;61;69
energy-2nd,305489,102828,1,0.363341,0.308676,28;42;56,1;3;7;9;11;13;15;21;33;35;39;47;49;51;59;61;65;69
energy-2nd,306049,-1,0,0.814629,0.720155,28;42;56,1;3;5;9;11;13;19;21;35;47;49;53;59;61;63;67;69;71
energy-2nd,307374,-1,0,0.533259,0.513917,28;42;56,1;3;5;7;9;11;13;21;33;35;39;47;49;61;63;65;69;71
energy-2nd,308643,-1,0,1.21582,1.200721,28;42;56,1;3;5;9;11;13;15;21;33;39;49;59;61;63;65;67;69;71
energy-2nd,313740,-1,0,1.917772,1.636919,28;42;56,1;3;5;7;9;11;13;15;19;21;35;39;49;51;61;63;65;67
energy-2nd,317211,-1,0,1.041585,0.907703,28;42;56,3;5;7;9;11;19;21;25;33;35;47;49;51;59;61;63;67;71
energy-2nd,319567,-1,0,0.838918,0.709164,28;42;56,3;5;7;9;11;15;21;25;35;39;47;49;51;53;59;61;63;69
energy-2nd,319994,-1,0,1.182091,0.987042,28;42;56,3;9;11;15;19;21;25;35;39;49;51;53;59;61;63;65;67;69
energy-2nd,321343,-1,0,0.508315,0.373808,28;42;56,1;3;7;9;11;15;21;25;33;35;39;49;53;59;61;65;67;69
energy-2nd,323438,-1,0,1.368643,1.18687,28;42;56,1;5;9;11;15;19;21;25;33;39;47;49;51;59;61;65;69;71
energy-2nd,325067,-1,0,0.938068,0.774484,28;42;56,1;3;7;9;11;15;19;21;25;33;35;47;49;53;59;61;63;69
energy-2nd,326152,-1,0,1.369896,1.248481,28;42;56,1;3;5;7;9;11;19;21;25;39;47;49;53;61;63;65;69;71
energy-2nd,330683,-1,0,0.937674,0.800759,28;42;56,1;3;5;9;11;21;25;35;39;47;49;51;53;59;61;63;65;69
energy-2nd,331826,-1,0,1.546691,1.338528,28;42;56,1;3;7;9;11;15;21;25;33;39;49;51;53;59;61;63;69;71
energy-2nd,333095,-1,0,0.858873,0.653479,28;42;56,3;5;9;11;13;19;21;25;33;35;39;47;49;53;59;61;65;69
energy-2nd,333827,-1,0,1.014228,0.86469,28;42;56,3;5;9;11;13;15;21;25;33;35;39;49;53;61;65;67;69;71
energy-2nd,335125,-1,0,1.134787,1.00188,28;42;56,3;5;7;9;11;13;21;25;35;39;47;49;51;59;61;67;69;71
energy-2nd,335479,-1,0,0.761801,0.572838,28;42;56,3;5;9;11;13;21;25;33;35;39;49;51;53;59;61;65;69;71
energy-2nd,335511,-1,0,0.859326,0.666934,28;42;56,3;5;7;9;11;13;19;21;25;35;39;47;49;51;53;59;61;65
energy-2nd,336791,-1,0,0.959289,0.826202,28;42;56,3;5;7;9;11;13;15;21;25;39;47;49;51;53;61;65;69;71
energy-2nd,338313,-1,0,0.272271,0.20103,28;42;56,3;5;7;9;11;13;21;25;33;35;39;47;49;59;61;63;65;69
energy-2nd,338369,-1,0,0.488773,0.381265,28;42;56,3;5;9;11;13;19;21;25;33;35;39;49;59;61;63;65;67;69
energy-2nd,338541,-1,0,0.595937,0.521617,28;42;56,3;5;9;11;13;21;25;35;39;49;53;59;61;63;65;67;69;71
energy-2nd,339256,-1,0,0.406133,0.322766,28;42;56,3;7;9;11;13;15;21;25;33;35;39;49;53;59;61;63;67;71
energy-2nd,340229,-1,0,0.438259,0.336897,28;42;56,3;5;7;9;11;13;21;25;33;35;49;51;53;59;61;63;67;71
energy-2nd,340316,-1,0,0.322003,0.278681,28;42;56,3;5;7;9;11;13;21;25;33;35;47;49;51;61;63;65;69;71
energy-2nd,340445,-1,0,0.90023,0.768834,28;42;56,3;9;11;13;19;21;25;35;47;49;51;53;59;61;63;65;67;71
energy-2nd,340623,-1,0,0.933459,0.772992,28;42;56,5;9;11;13;15;21;25;33;35;47;49;51;59;61;63;67;69;71
energy-2nd,341858,-1,0,1.021915,0.936036,28;42;56,3;5;7;9;11;13;15;21;25;35;49;51;53;59;61;63;65;67
energy-2nd,342468,100923,1,0.399204,0.333825,28;42;56,3;5;7;9;11;13;21;25;33;35;39;49;51;59;61;63;67;69
energy-2nd,342478,-1,0,0.450751,0.391937,28;42;56,3;5;9;11;13;19;21;25;35;39;47;49;51;59;61;63;67;69
energy-2nd,342815,-1,0,0.41763,0.433636,28;42;56,3;5;7;9;11;13;21;25;35;39;49;51;59;61;63;65;69;71
energy-2nd,344380,-1,0,0.776708,0.706339,28;42;56,3;5;9;11;13;15;21;25;35;39;49;51;53;59;61;63;67;71
energy-2nd,345464,-1,0,1.142203,0.94292,28;42;56,1;3;9;11;13;15;19;21;25;33;35;47;49;53;59;61;67;69
energy-2nd,346545,-1,0,0.505481,0.414559,28;42;56,1;3;5;9;11;13;21;25;33;35;39;49;53;59;61;65;67;71
energy-2nd,347178,-1,0,1.122121,0.992838,28;42;56,1;3;5;7;9;11;13;15;21;25;33;35;39;47;49;59;61;67
energy-2nd,347801,-1,0,0.701624,0.635219,28;42;56,1;3;5;7;9;11;13;15;21;25;35;39;49;53;61;65;69;71
energy-2nd,348038,-1,0,0.513632,0.313825,28;42;56,1;5;7;9;11;13;21;25;33;35;47;49;51;53;59;61;65;69
energy-2nd,350436,-1,0,0.712039,0.689172,28;42;56,1;3;5;7;9;11;13;21;25;33;35;39;47;49;51;61;69;71
energy-2nd,350469,100947,1,0.501842,0.493203,28;42;56,1;3;5;7;9;11;13;21;25;33;35;39;49;51;59;61;67;71
energy-2nd,350539,-1,0,1.190422,0.908821,28;42;56,1;3;7;9;11;13;19;21;25;33;35;39;49;51;53;59;61;69
energy-2nd,350662,-1,0,0.453819,0.421143,28;42;56,1;3;5;9;11;13;21;25;35;39;47;49;51;53;61;67;69;71
energy-2nd,350836,-1,0,0.306031,0.28692,28;42;56,1;3;5;9;11;13;19;21;25;35;39;47;49;51;59;61;65;69
energy-2nd,351009,102606,1,0.442542,0.390112,28;42;56,1;3;7;9;11;13;21;25;35;39;49;51;53;59;61;65;67;71
energy-2nd,352387,-1,0,0.850031,0.778956,28;42;56,1;3;5;9;11;13;15;21;25;35;39;47;49;51;53;61;67;71
energy-2nd,352638,-1,0,0.774506,0.741017,28;42;56,1;3;5;9;11;13;15;21;25;35;39;47;49;51;59;61;65;67
energy-2nd,353719,-1,0,0.864379,0.791854,28;42;56,1;5;7;9;11;13;15;19;21;25;35;47;49;53;61;63;69;71
energy-2nd,354518,-1,0,1.0199,0.962423,28;42;56,1;3;7;9;11;13;15;19;21;25;35;47;49;61;63;65;67;69
energy-2nd,354824,-1,0,1.291241,1.154623,28;42;56,1;3;5;9;11;13;15;19;21;25;33;49;53;59;61;63;65;71
energy-2nd,354979,-1,0,1.295221,1.199244,28;42;56,1;7;9;11;13;19;21;25;35;39;49;53;59;61;63;67;69;71
energy-2nd,355136,-1,0,0.551599,0.4304,28;42;56,1;5;9;11;13;21;25;35;39;47;49;59;61;63;65;67;69;71
energy-2nd,355377,-1,0,0.43994,0.369514,28;42;56,1;5;9;11;13;19;21;25;35;39;49;53;59;61;63;65;67;69
energy-2nd,355467,-1,0,0.421239,0.323218,28;42;56,1;3;5;9;11;13;21;25;33;35;39;47;49;59;61;63;67;69
energy-2nd,355614,-1,0,0.436714,0.354006,28;42;56,1;3;5;7;9;11;13;21;25;33;35;39;49;53;59;61;63;71
energy-2nd,355624,-1,0,0.389361,0.335133,28;42;56,1;3;5;7;9;11;13;21;25;33;39;47;49;53;61;63;69;71
energy-2nd,355714,-1,0,0.557367,0.421015,28;42;56,1;3;5;9;11;13;19;21;25;33;39;49;53;59;61;63;67;69
energy-2nd,355826,-1,0,0.122832,0.139981,28;42;56,1;3;5;7;9;11;13;21;25;35;39;47;49;59;61;63;65;69
energy-2nd,355831,101067,2,0.162938,0.169857,28;42;56,1;3;5;7;9;11;13;21;25;33;35;39;49;59;61;63;65;69
energy-2nd,355847,-1,0,0.328893,0.283004,28;42;56,1;3;5;9;11;13;19;21;25;33;39;47;49;59;61;63;65;69
energy-2nd,356459,-1,0,0.422492,0.413361,28;42;56,1;5;9;11;13;15;21;25;35;39;47;49;53;61;63;67;69;71
energy-2nd,356866,101328,1,0.436394,0.440466,28;42;56,1;5;9;11;13;15;21;25;35;39;49;53;59;61;63;65;69;71
energy-2nd,357086,105921,1,0.484119,0.442312,28;42;56,1;3;5;7;9;11;13;15;21;25;33;39;47;49;59;61;63;69
energy-2nd,357214,-1,0,0.676053,0.598542,28;42;56,1;3;7;9;11;13;15;21;25;33;39;47;49;53;61;63;69;71
energy-2nd,357719,-1,0,0.797705,0.634332,28;42;56,1;3;7;9;11;13;15;21;25;33;35;39;49;53;59;61;63;65
energy-2nd,358160,-1,0,0.60876,0.47659,28;42;56,1;5;9;11;13;19;21;25;33;35;47;49;51;59;61;63;65;67
energy-2nd,358290,-1,0,0.54797,0.504069,28;42;56,1;5;7;9;11;13;21;25;35;47;49;51;53;61;63;65;69;71
energy-2nd,358768,-1,0,0.375549,0.359105,28;42;56,1;3;7;9;11;13;21;25;35;47;49;51;59;61;63;65;67;71
energy-2nd,358793,-1,0,0.586005,0.495695,28;42;56,1;3;9;11;13;19;21;25;33;35;49;51;59;61;63;65;67;69
energy-2nd,359711,-1,0,0.523272,0.501414,28;42;56,1;5;9;11;13;15;19;21;25;35;47;49;51;61;63;65;67;69
energy-2nd,360226,-1,0,1.194647,1.152331,28;42;56,1;3;9;11;13;15;19;21;25;35;49;51;53;59;61;63;69;71
energy-2nd,361337,-1,0,0.185181,0.188306,28;42;56,1;5;7;9;11;13;21;25;35;39;47;49;51;59;61;63;65;69
energy-2nd,362378,-1,0,0.826902,0.74346,28;42;56,1;3;5;9;11;13;21;25;33;35;39;49;51;61;63;65;67;69
energy-2nd,379017,-1,0,0.991906,0.714026,28;42;56,1;5;9;11;15;19;21;33;35;37;47;49;51;53;61;63;65;69
energy-2nd,379544,-1,0,0.696729,0.663736,28;42;56,1;3;5;7;9;11;15;21;33;37;47;49;51;59;61;63;65;69
energy-2nd,379932,-1,0,1.72407,1.523937,28;42;56,1;5;9;11;19;21;33;35;37;39;47;49;51;61;63;67;69;71
energy-2nd,386376,-1,0,1.106251,0.859759,28;42;56,5;7;9;11;13;15;21;33;35;37;39;49;51;53;61;65;69;71
energy-2nd,387654,-1,0,1.367433,1.223991,28;42;56,5;7;9;11;13;15;19;21;35;37;49;59;61;63;65;67;69;71
energy-2nd,388304,-1,0,1.460968,1.172882,28;42;56,5;9;11;13;21;33;35;37;39;47;49;53;59;61;63;67;69;71
energy-2nd,391705,-1,0,0.337573,0.330111,28;42;56,3;5;7;9;11;13;15;21;35;37;47;49;51;53;61;63;69;71
energy-2nd,398879,-1,0,0.500322,0.376469,28;42;56,1;3;5;9;11;13;21;33;35;37;47;49;51;53;61;65;69;71
energy-2nd,398939,-1,0,0.696947,0.606846,28;42;56,1;3;5;9;11;13;21;35;37;49;51;53;59;61;65;67;69;71
energy-2nd,399718,-1,0,0.440298,0.359861,28;42;56,1;3;5;7;9;11;13;15;21;33;37;47;49;51;53;59;61;69
energy-2nd,401223,-1,0,1.17291,1.055453,28;42;56,1;3;5;9;11;13;19;21;33;37;39;47;49;51;59;61;65;71
energy-2nd,403736,-1,0,0.597821,0.534179,28;42;56,1;3;5;7;9;11;13;19;21;33;35;37;49;59;61;63;65;69
energy-2nd,404129,-1,0,0.632723,0.615441,28;42;56,1;5;7;9;11;13;15;21;35;37;49;53;59;61;63;67;69;71
energy-2nd,404718,106603,1,0.296869,0.334199,28;42;56,1;3;5;7;9;11;13;15;21;35;37;47;49;53;61;63;69;71
energy-2nd,405674,-1,0,0.450467,0.388918,28;42;56,1;5;7;9;11;13;21;35;37;39;47;49;53;59;61;63;65;69
energy-2nd,408537,-1,0,0.520022,0.363264,28;42;56,1;5;7;9;11;13;21;35;37;47;49;51;59;61;63;65;67;69
energy-2nd,409338,-1,0,0.949172,0.8716,28;42;56,1;3;7;9;11;13;21;35;37;47;49;51;53;59;61;63;65;71
energy-2nd,409950,-1,0,0.294405,0.242888,28;42;56,1;7;9;11;13;15;21;33;35;37;47;49;51;61;63;65;67;71
energy-2nd,410048,-1,0,0.812,0.737834,28;42;56,1;5;7;9;11;13;15;19;21;37;47;49;51;61;63;65;69;71
energy-2nd,412368,-1,0,1.225834,0.967292,28;42;56,1;3;9;11;13;21;33;35;37;39;49;51;53;59;61;63;67;69
energy-2nd,414092,-1,0,0.581288,0.512829,28;42;56,1;3;5;7;9;11;13;15;21;35;37;39;49;51;59;61;63;69
energy-2nd,423353,97095,1,0.654232,0.609053,28;42;56,3;5;7;9;11;15;21;25;33;35;37;47;49;51;61;63;69;71
energy-2nd,424879,-1,0,1.382699,1.073198,28;42;56,3;5;7;9;11;21;25;33;35;37;39;47;49;51;53;61;63;67
energy-2nd,426141,-1,0,1.510485,1.334833,28;42;56,5;9;11;15;21;25;35;37;39;49;51;53;61;63;65;67;69;71
energy-2nd,429918,-1,0,0.767177,0.629787,28;42;56,1;3;9;11;15;21;25;33;35;37;39;49;53;59;61;65;67;71
energy-2nd,430773,-1,0,0.513921,0.472072,28;42;56,1;3;5;7;9;11;21;25;35;37;49;51;53;59;61;65;67;71
energy-2nd,430802,-1,0,0.51449,0.42608,28;42;56,1;3;5;9;11;19;21;25;35;37;49;51;53;59;61;65;67;69
energy-2nd,430944,-1,0,0.818406,0.703552,28;42;56,1;5;7;9;11;15;21;25;33;35;37;49;51;53;59;61;67;71
energy-2nd,431518,-1,0,0.868367,0.765899,28;42;56,1;3;7;9;11;15;19;21;25;35;37;49;51;53;61;67;69;71
energy-2nd,431593,-1,0,0.450359,0.371425,28;42;56,1;3;5;9;11;15;21;25;33;35;37;49;51;53;61;67;69;71
energy-2nd,431655,97032,1,0.41977,0.397963,28;42;56,1;3;7;9;11;15;21;25;33;35;37;47;49;51;61;65;69;71
energy-2nd,431688,98818,1,0.216714,0.213581,28;42;56,1;3;7;9;11;15;21;25;33;35;37;49;51;59;61;65;67;71
energy-2nd,431876,-1,0,0.469568,0.303748,28;42;56,1;3;7;9;11;15;21;25;33;35;37;47;49;51;53;61;65;69
energy-2nd,435449,-1,0,0.582579,0.469036,28;42;56,1;3;5;9;11;21;25;33;35;37;49;53;59;61;63;67;69;71
energy-2nd,436041,96743,1,0.788793,0.663282,28;42;56,1;5;9;11;15;19;21;25;33;35;37;47;49;59;61;63;65;69
energy-2nd,436542,106600,1,0.406659,0.410279,28;42;56,1;3;5;7;9;11;15;21;25;35;37;47;49;53;61;63;69;71
energy-2nd,436596,-1,0,0.313263,0.23965,28;42;56,1;3;5;9;11;15;21;25;33;35;37;49;53;59;61;63;67;69
energy-2nd,436749,99457,1,0.38888,0.395273,28;42;56,1;3;5;7;9;11;15;21;25;33;35;37;49;59;61;63;65;71
energy-2nd,436756,99421,2,0.285473,0.272978,28;42;56,1;3;5;7;9;11;15;21;25;33;35;37;49;59;61;63;65;69
energy-2nd,438988,-1,0,1.354203,1.021905,28;42;56,1;7;9;11;15;19;21;25;33;35;37;39;49;53;61;63;65;71
energy-2nd,439675,-1,0,0.311587,0.248367,28;42;56,1;3;7;9;11;15;21;25;33;35;37;39;49;59;61;63;65;69
energy-2nd,440652,-1,0,1.079314,0.98357,28;42;56,1;3;5;9;11;21;25;33;35;37;47;49;51;59;61;63;69;71
energy-2nd,440687,-1,0,0.488605,0.408602,28;42;56,1;3;5;7;9;11;21;25;33;35;37;47;49;51;59;61;63;67
energy-2nd,441046,-1,0,0.153865,0.146214,28;42;56,1;3;5;7;9;11;21;25;33;35;37;49;51;59;61;63;65;69
energy-2nd,441267,-1,0,1.101796,0.954214,28;42;56,1;3;7;9;11;19;21;25;35;37;47;49;51;53;61;63;65;67
energy-2nd,441425,-1,0,1.358447,1.156669,28;42;56,1;9;11;15;19;21;25;33;35;37;47;49;51;59;61;63;67;69
energy-2nd,441898,-1,0,0.340954,0.284153,28;42;56,1;5;7;9;11;15;21;25;33;35;37;49;51;59;61;63;65;67
energy-2nd,442244,-1,0,0.301224,0.267022,28;42;56,1;3;7;9;11;15;21;25;33;35;37;49;51;59;61;63;67;69
energy-2nd,442562,-1,0,0.3517,0.327501,28;42;56,1;3;5;7;9;11;15;21;25;35;37;49;51;53;59;61;63;69
energy-2nd,443524,-1,0,1.767872,1.55716,28;42;56,1;7;9;11;19;21;25;33;37;39;47;49;51;59;61;63;65;67
energy-2nd,447242,-1,0,1.496023,1.310957,28;42;56,3;9;11;13;15;19;21;25;33;35;37;47;49;59;61;65;67;71
energy-2nd,450024,-1,0,0.512521,0.384792,28;42;56,3;5;7;9;11;13;21;25;33;35;37;49;51;59;61;65;67;69
energy-2nd,451754,-1,0,2.105583,1.866497,28;42;56,7;9;11;13;19;21;25;35;37;39;49;51;59;61;65;67;69;71
energy-2nd,454310,-1,0,1.329578,1.133905,28;42;56,3;5;9;11;13;15;21;25;37;39;47;49;51;59;61;65;67;69
energy-2nd,459009,-1,0,0.546974,0.416157,28;42;56,3;5;7;9;11;13;15;21;25;35;37;39;49;53;61;63;69;71
energy-2nd,459774,-1,0,0.468397,0.399754,28;42;56,5;7;9;11;13;21;25;33;35;37;47;49;51;61;63;65;69;71
energy-2nd,460136,-1,0,0.343688,0.302289,28;42;56,3;5;7;9;11;13;21;25;33;35;37;47;49;51;61;63;67;71
energy-2nd,460248,-1,0,0.805154,0.683195,28;42;56,3;7;9;11;13;19;21;25;35;37;47;49;51;53;59;61;63;67
energy-2nd,460487,99051,2,0.135675,0.125702,28;42;56,3;5;7;9;11;13;21;25;33;35;37;49;51;59;61;63;65;71
energy-2nd,460493,-1,0,0.228306,0.162905,28;42;56,3;5;7;9;11;13;21;25;33;35;37;47;49;51;61;63;65;69
energy-2nd,465338,-1,0,1.608648,1.425012,28;42;56,3;5;9;11;13;15;21;25;35;37;39;47;49;51;59;61;63;71
energy-2nd,466318,-1,0,0.8783,0.831274,28;42;56,1;3;5;7;9;11;13;19;21;25;35;37;47;49;53;59;61;71
energy-2nd,466361,-1,0,0.549794,0.534346,28;42;56,1;3;5;9;11;13;19;21;25;35;37;49;53;59;61;67;69;71
energy-2nd,466462,-1,0,0.513848,0.499587,28;42;56,1;3;5;7;9;11;13;21;25;33;35;37;49;59;61;65;67;71
energy-2nd,468625,-1,0,1.161322,1.043879,28;42;56,1;3;7;9;11;13;21;25;33;35;37;39;47;49;53;61;69;71
energy-2nd,469184,-1,0,0.289406,0.275373,28;42;56,1;3;5;7;9;11;13;21;25;35;37;39;49;53;59;61;65;71
energy-2nd,469193,-1,0,0.157451,0.145837,28;42;56,1;3;5;7;9;11;13;21;25;35;37;39;49;53;59;61;65;69
energy-2nd,469504,-1,0,1.520375,1.265896,28;42;56,1;5;7;9;11;13;15;21;25;33;35;37;39;47;49;53;59;61
energy-2nd,471576,-1,0,0.535068,0.503325,28;42;56,1;3;5;7;9;11;13;21;25;33;35;37;47;49;51;61;67;71
energy-2nd,471934,98979,4,0.0,0.0,28;42;56,1;3;5;7;9;11;13;21;25;33;35;37;49;51;59;61;65;69
energy-2nd,471977,-1,0,0.304556,0.298134,28;42;56,1;3;5;9;11;13;21;25;33;35;37;49;51;59;61;65;67;71
energy-2nd,472115,-1,0,0.449453,0.335311,28;42;56,1;3;7;9;11;13;21;25;35;37;47;49;51;53;59;61;65;67
energy-2nd,472158,101937,1,0.527509,0.467981,28;42;56,1;3;7;9;11;13;19;21;25;35;37;49;51;53;61;65;67;71
energy-2nd,472196,98979,4,3.9e-05,0.000327,28;42;56,1;3;5;7;9;11;13;21;25;35;37;49;51;53;59;61;65;69
energy-2nd,472278,-1,0,0.512342,0.468113,28;42;56,1;3;5;9;11;13;19;21;25;35;37;49;51;53;61;65;67;71
energy-2nd,473623,-1,0,0.19328,0.243102,28;42;56,1;3;7;9;11;13;15;21;25;35;37;49;51;59;61;65;67;71
energy-2nd,477562,-1,0,0.380717,0.314639,28;42;56,1;5;7;9;11;13;21;25;33;35;37;49;53;59;61;63;67;71
energy-2nd,477703,-1,0,0.676354,0.554478,28;42;56,1;5;9;11;13;19;21;25;33;35;37;47;49;61;63;65;67;69
energy-2nd,477844,-1,0,0.444144,0.293613,28;42;56,1;5;9;11;13;19;21;25;33;35;37;49;53;59;61;63;65;69
energy-2nd,477881,-1,0,0.545172,0.42853,28;42;56,1;5;9;11;13;21;25;33;35;37;49;53;61;63;65;67;69;71
energy-2nd,477907,-1,0,0.796722,0.751266,28;42;56,1;5;9;11;13;19;21;25;37;47;49;53;59;61;63;65;67;71
energy-2nd,478019,99492,2,0.368089,0.337467,28;42;56,1;3;5;7;9;11;13;21;25;33;35;37;49;59;61;63;67;69
energy-2nd,478216,105571,1,0.136175,0.196237,28;42;56,1;3;5;7;9;11;13;21;25;35;37;49;53;59;61;63;67;71
energy-2nd,478356,-1,0,0.550639,0.531178,28;42;56,1;3;5;9;11;13;21;25;33;35;37;47;49;61;63;65;69;71
energy-2nd,478412,-1,0,0.4596,0.454162,28;42;56,1;3;5;9;11;13;21;25;33;35;37;49;59;61;63;65;67;71
energy-2nd,478455,-1,0,0.302739,0.319449,28;42;56,1;3;5;9;11;13;19;21;25;35;37;49;59;61;63;65;67;69
energy-2nd,478698,-1,0,0.606575,0.604722,28;42;56,1;3;5;7;9;11;13;21;25;35;37;49;53;61;63;65;67;71
energy-2nd,479688,-1,0,0.852261,0.792476,28;42;56,1;3;5;7;9;11;13;15;21;25;35;37;47;49;61;63;67;69
energy-2nd,481522,-1,0,0.414539,0.440549,28;42;56,1;3;7;9;11;13;21;25;35;37;39;49;53;59;61;63;67;71
energy-2nd,481721,-1,0,0.706574,0.702179,28;42;56,1;3;7;9;11;13;21;25;33;37;39;49;59;61;63;65;69;71
energy-2nd,481732,-1,0,0.742364,0.646411,28;42;56,1;3;9;11;13;19;21;25;33;35;37;39;49;59;61;63;65;69
energy-2nd,482115,-1,0,0.829403,0.696291,28;42;56,1;3;5;9;11;13;19;21;25;35;37;39;49;53;59;61;63;65
energy-2nd,483337,-1,0,1.496229,1.144799,28;42;56,1;3;5;7;9;11;13;15;19;21;25;33;37;39;49;61;63;67
energy-2nd,483774,-1,0,1.236707,1.177667,28;42;56,1;3;9;11;13;15;21;25;37;39;49;53;59;61;63;65;69;71
energy-2nd,484173,-1,0,0.857214,0.738946,28;42;56,1;5;7;9;11;13;21;25;33;37;49;51;53;61;63;67;69;71
energy-2nd,484309,-1,0,0.029371,0.020557,28;42;56,1;5;7;9;11;13;21;25;33;35;37;49;51;59;61;63;65;69
energy-2nd,484310,-1,0,0.230768,0.199631,28;42;56,1;5;7;9;11;13;21;25;33;37;47;49;51;59;61;63;65;69
energy-2nd,484339,-1,0,0.322614,0.307302,28;42;56,1;5;7;9;11;13;19;21;25;35;37;47;49;51;61;63;65;69
energy-2nd,484386,-1,0,0.322253,0.35018,28;42;56,1;5;9;11;13;19;21;25;35;37;49;51;59;61;63;65;67;71
energy-2nd,484662,-1,0,0.876402,0.799541,28;42;56,1;5;9;11;13;19;21;25;37;49;51;53;59;61;63;65;67;69
energy-2nd,484717,-1,0,0.537936,0.524979,28;42;56,1;3;7;9;11;13;21;25;33;35;37;49;51;61;63;67;69;71
energy-2nd,484817,-1,0,0.341868,0.377863,28;42;56,1;3;5;9;11;13;21;25;35;37;47;49;51;61;63;67;69;71
energy-2nd,484846,-1,0,0.488213,0.47179,28;42;56,1;3;5;9;11;13;19;21;25;35;37;47;49;51;59;61;63;67
energy-2nd,484864,-1,0,0.332694,0.314124,28;42;56,1;3;5;9;11;13;19;21;25;33;37;49;51;59;61;63;67;69
energy-2nd,484925,-1,0,1.274732,1.066676,28;42;56,1;3;7;9;11;13;19;21;25;33;37;47;49;51;53;61;63;71
energy-2nd,485024,-1,0,0.443443,0.445318,28;42;56,1;3;5;7;9;11;13;21;25;35;37;49;51;53;59;61;63;71
energy-2nd,485034,-1,0,0.50496,0.500989,28;42;56,1;3;5;7;9;11;13;21;25;37;47;49;51;53;59;61;63;69
energy-2nd,485275,-1,0,0.351378,0.413828,28;42;56,1;3;5;7;9;11;13;21;25;35;37;47;49;51;61;63;65;71
energy-2nd,485299,-1,0,0.666478,0.574172,28;42;56,1;3;5;9;11;13;19;21;25;33;35;37;49;51;59;61;63;65
energy-2nd,485308,109880,1,0.523375,0.566325,28;42;56,1;3;5;9;11;13;19;21;25;37;47;49;51;61;63;65;69;71
energy-2nd,485350,-1,0,0.228112,0.263605,28;42;56,1;3;5;7;9;11;13;21;25;35;37;49;51;59;61;63;65;67
energy-2nd,485697,-1,0,0.557292,0.53578,28;42;56,1;5;7;9;11;13;15;21;25;33;35;37;49;51;61;63;69;71
energy-2nd,485781,-1,0,0.336002,0.298217,28;42;56,1;5;9;11;13;15;19;21;25;35;37;49;51;59;61;63;67;69
energy-2nd,486011,-1,0,0.532324,0.49637,28;42;56,1;5;9;11;13;15;21;25;35;37;47;49;51;53;61;63;67;69
energy-2nd,486675,-1,0,0.973335,0.956406,28;42;56,1;3;5;7;9;11;13;15;21;25;37;49;51;59;61;63;69;71
energy-2nd,486690,-1,0,0.785589,0.713369,28;42;56,1;3;5;9;11;13;15;19;21;25;35;37;47;49;51;61;63;69
energy-2nd,486732,-1,0,0.47022,0.471588,28;42;56,1;3;5;9;11;13;15;21;25;33;37;47;49;51;61;63;67;69
energy-2nd,486954,-1,0,0.718948,0.686865,28;42;56,1;3;5;9;11;13;15;21;25;35;37;49;51;53;59;61;63;67
energy-2nd,487201,-1,0,1.105106,1.033025,28;42;56,1;3;9;11;13;15;21;25;35;37;47;49;51;53;61;63;65;69
energy-2nd,487468,-1,0,0.693627,0.677814,28;42;56,1;5;7;9;11;13;21;25;35;37;39;49;51;59;61;63;67;71
