config_id,n_tilings,energy_eV,converged
21882,66,-2594.883002,1
40652,66,-2594.875380,1
58857,66,-2594.884810,1
208390,58,-2594.878470,1
6206,42,-2594.865775,1
14242,34,-2594.754240,1
21821,34,-2594.686903,1
6842,32,-2594.393202,1
6845,32,-2594.411314,1
6888,32,-2594.426657,1
6891,32,-2594.438620,1
21771,32,-2594.210555,1
21900,32,-2594.891486,1
23775,32,-2594.062575,1
23801,32,-2594.782019,1
23802,32,-2594.782996,1
8958,27,-2594.589568,1
21784,27,-2594.460066,1
19155,26,-2594.711714,1
21858,26,-2594.715041,1
39254,26,-2594.701323,1
40476,26,-2594.695815,1
40639,26,-2594.755209,1
52864,26,-2594.751921,1
53128,26,-2594.749854,1
57442,26,-2594.703108,1
198747,26,-2594.732687,1
207752,26,-2594.730170,1
208149,26,-2594.701704,1
208279,26,-2594.722411,1
208326,26,-2594.706801,1
208389,26,-2594.750479,1
6851,24,-2594.430106,1
6854,24,-2594.438689,1
6857,24,-2594.435637,1
6864,24,-2594.447821,1
6871,24,-2594.446333,1
6872,24,-2594.451186,1
6882,24,-2594.451804,1
6885,24,-2594.456213,1
8763,24,-2594.373312,1
8770,24,-2594.384612,1
9042,24,-2594.605475,1
9916,24,-2594.329131,1
9923,24,-2594.341284,1
10017,24,-2594.547522,1
10054,24,-2594.575881,1
13948,24,-2594.281073,1
13955,24,-2594.325087,1
14365,24,-2594.767798,1
17721,24,-2594.234831,1
17728,24,-2594.245116,1
17822,24,-2594.677481,1
17859,24,-2594.681807,1
21794,24,-2594.470946,1
21849,24,-2594.702658,1
23780,24,-2594.338988,1
23784,24,-2594.342818,1
23793,24,-2594.571387,1
23797,24,-2594.581839,1
14069,23,-2594.726027,1
14076,23,-2594.722983,1
14199,22,-2594.585501,1
31198,22,-2594.589652,1
32350,22,-2594.731673,1
37635,22,-2594.719756,1
40653,22,-2594.711195,1
56779,22,-2594.705893,1
58839,22,-2594.715498,1
58851,22,-2594.710272,1
58853,22,-2594.479010,1
192522,22,-2594.708731,1
201972,22,-2594.748351,1
205893,22,-2594.566626,1
207770,22,-2594.737502,1
208003,22,-2594.710478,1
208156,22,-2594.691351,1
208329,22,-2594.717658,1
208394,22,-2594.751898,1
208993,22,-2594.689780,1
210181,22,-2594.722823,1
227724,22,-2594.708182,1
242022,22,-2594.744948,1
283191,22,-2594.695548,1
8856,20,-2594.586020,1
8927,20,-2594.617209,1
13975,20,-2594.533919,1
13982,20,-2594.502913,1
14201,20,-2594.565794,1
14227,20,-2594.591918,1
40753,20,-2594.858153,1
61380,20,-2594.820456,1
8790,19,-2594.582839,1
8797,19,-2594.576483,1
8853,19,-2594.594473,1
8929,19,-2594.556128,1
9512,19,-2594.584815,1
11535,19,-2594.618781,1
14033,19,-2594.503119,1
14043,19,-2594.532149,1
14226,19,-2594.544554,1
17056,19,-2594.683554,1
18212,19,-2594.681693,1
21789,19,-2594.431906,1
21804,19,-2594.545722,1
21842,19,-2594.671935,1
21851,19,-2594.717513,1
8812,18,-2594.576369,1
8819,18,-2594.545996,1
8840,18,-2594.403166,1
8843,18,-2594.447493,1
8869,18,-2594.420081,1
8876,18,-2594.427611,1
8896,18,-2594.598525,1
8899,18,-2594.538741,1
8916,18,-2594.434050,1
8919,18,-2594.417059,1
8954,18,-2594.438757,1
8955,18,-2594.457770,1
8982,18,-2594.486327,1
8985,18,-2594.440131,1
9006,18,-2594.597250,1
9007,18,-2594.620245,1
9032,18,-2594.505774,1
9033,18,-2594.465323,1
9932,18,-2594.377844,1
9935,18,-2594.378279,1
9938,18,-2594.367705,1
9945,18,-2594.420332,1
9953,18,-2594.528067,1
9956,18,-2594.505240,1
9962,18,-2594.546309,1
9963,18,-2594.513777,1
9968,18,-2594.545561,1
9975,18,-2594.539404,1
9983,18,-2594.555624,1
9986,18,-2594.588126,1
9993,18,-2594.395140,1
9996,18,-2594.438040,1
10003,18,-2594.418059,1
10004,18,-2594.458487,1
10013,18,-2594.520171,1
10014,18,-2594.585356,1
10027,18,-2594.382323,1
10030,18,-2594.401373,1
10038,18,-2594.433699,1
10039,18,-2594.405150,1
10050,18,-2594.556860,1
10051,18,-2594.584929,1
13016,18,-2594.576384,1
13997,18,-2594.524359,1
14004,18,-2594.541953,1
14112,18,-2594.511412,1
14119,18,-2594.484381,1
14139,18,-2594.731917,1
14142,18,-2594.704993,1
14188,18,-2594.350325,1
14191,18,-2594.369811,1
14281,18,-2594.407897,1
14284,18,-2594.395049,1
14305,18,-2594.635527,1
14306,18,-2594.604224,1
14355,18,-2594.582533,1
14356,18,-2594.578269,1
17737,18,-2594.301337,1
17740,18,-2594.341757,1
17743,18,-2594.299193,1
17750,18,-2594.330878,1
17758,18,-2594.436163,1
17761,18,-2594.376540,1
17767,18,-2594.483756,1
17768,18,-2594.481238,1
17773,18,-2594.440825,1
17780,18,-2594.441641,1
17788,18,-2594.470808,1
17791,18,-2594.512869,1
17798,18,-2594.454825,1
17801,18,-2594.468359,1
17808,18,-2594.492506,1
17809,18,-2594.542349,1
17818,18,-2594.631133,1
17819,18,-2594.605551,1
17832,18,-2594.443411,1
17835,18,-2594.472182,1
17843,18,-2594.499259,1
17844,18,-2594.520758,1
17855,18,-2594.642302,1
17856,18,-2594.643675,1
21815,18,-2594.501784,1
36787,18,-2594.508933,1
40643,18,-2594.573264,1
52037,18,-2594.585097,1
52353,18,-2594.574416,1
179591,18,-2594.584235,1
6305,1,-2594.589995,1
5510,1,-2594.472754,1
5565,1,-2594.496771,1
4242,14,-2594.697974,1
5798,14,-2594.729170,1
3392,14,-2594.554854,1
181304,18,-2594.735457,1
190839,18,-2594.570197,1
208401,18,-2594.733443,1
202924,18,-2594.749487,1
208595,18,-2594.583983,1
208397,18,-2594.712584,1
208412,18,-2594.735983,1
208393,18,-2594.749793,1
219566,18,-2594.728972,1
208768,18,-2594.717627,1
213436,18,-2594.707076,1
208435,18,-2594.718253,1
204361,18,-2594.567877,1
208391,18,-2594.752211,1
273351,18,-2594.707861,1
198660,17,-2594.558173,1
208423,18,-2594.710371,1
209016,18,-2594.576796,1
208278,17,-2594.575972,1
207734,18,-2594.573981,1
251730,18,-2594.565886,1
251731,18,-2594.702742,1
198746,17,-2594.610404,1
211087,18,-2594.699538,1
209511,18,-2594.707053,1
208507,18,-2594.687888,1
198659,17,-2594.425215,1
196147,15,-2594.712271,1
208457,14,-2594.577933,1
275526,18,-2594.816710,1
80369,16,-2594.384207,1
242025,15,-2594.606078,1
283192,18,-2594.557990,1
207947,15,-2594.724165,1
208849,18,-2594.853995,1
4206,7,-2594.663542,1
212064,18,-2594.685240,1
192322,15,-2594.713850,1
5799,7,-2594.610930,1
210185,15,-2594.585761,1
208367,18,-2594.502417,1
3695,7,-2594.553778,1
4239,7,-2594.578413,1
4369,7,-2594.558310,1
207727,14,-2594.581862,1
3391,7,-2594.526656,1
4229,7,-2594.542059,1
70820,16,-2594.768988,1
189537,14,-2594.575758,1
86898,16,-2594.771262,1
243301,16,-2594.427725,1
1969,7,-2594.432486,1
207505,17,-2594.568106,1
2712,7,-2594.417830,1
192448,13,-2594.692114,1
208148,15,-2594.678069,1
6796,16,-2594.253256,1
6996,16,-2594.231947,1
197333,15,-2594.569876,1
198528,15,-2594.614295,1
208057,17,-2594.498564,1
201924,15,-2594.744505,1
6094,7,-2594.680304,1
186729,13,-2594.560721,1
6887,16,-2594.254126,1
6889,16,-2594.259596,1
208225,15,-2594.700278,1
70837,16,-2594.816176,1
207611,15,-2594.622977,1
5518,7,-2594.703223,1
6886,16,-2594.260298,1
6890,16,-2594.260832,1
85176,16,-2594.852652,1
4200,7,-2594.565245,1
4244,7,-2594.550131,1
207668,17,-2594.563422,1
2986,7,-2594.546866,1
6833,16,-2594.255507,1
7033,16,-2594.261183,1
177004,11,-2594.375250,1
14166,17,-2594.738097,1
51658,17,-2594.608450,1
192521,13,-2594.613837,1
3397,7,-2594.520499,1
208144,14,-2594.534636,1
3285,7,-2594.410155,1
243298,15,-2594.572836,1
14333,17,-2594.620574,1
2540,7,-2594.382636,1
4174,6,-2594.535231,1
5796,6,-2594.600264,1
229671,18,-2594.477400,1
208958,15,-2594.702170,1
192321,14,-2594.712660,1
225680,15,-2594.701430,1
2236,7,-2594.380881,1
4243,6,-2594.557524,1
4283,6,-2594.534636,1
192447,13,-2594.578108,1
3539,6,-2594.438712,1
3597,6,-2594.440505,1
178192,11,-2594.557349,1
207691,15,-2594.577467,1
177598,11,-2594.404585,1
9892,16,-2594.541808,1
21889,14,-2594.595030,1
182806,11,-2594.552191,1
207751,14,-2594.619170,1
208558,11,-2594.590125,1
179543,11,-2594.599356,1
208288,11,-2594.710547,1
3395,6,-2594.424284,1
3402,6,-2594.379202,1
198703,14,-2594.606947,1
283092,15,-2594.657866,1
243304,14,-2594.594092,1
10561,16,-2594.392737,1
47941,17,-2594.555251,1
179546,11,-2594.570921,1
6878,16,-2594.422873,1
3453,6,-2594.289778,1
188782,13,-2594.423308,1
6881,16,-2594.425604,1
9398,16,-2594.421088,1
6142,4,-2594.684798,1
6204,4,-2594.676375,1
198527,14,-2594.574553,1
198751,11,-2594.591704,1
9912,16,-2594.545958,1
205845,15,-2594.525641,1
6867,16,-2594.281798,1
47222,17,-2594.580794,1
4326,4,-2594.579962,1
6875,16,-2594.299521,1
6205,4,-2594.628623,1
201971,12,-2594.620810,1
5613,4,-2594.585005,1
6288,4,-2594.551825,1
275634,13,-2594.677092,1
4209,4,-2594.547255,1
5513,4,-2594.564185,1
3631,4,-2594.553305,1
244308,14,-2594.713118,1
274522,14,-2594.691580,1
14219,16,-2594.614317,1
4231,4,-2594.526305,1
5502,4,-2594.569319,1
207898,13,-2594.680083,1
208335,14,-2594.513899,1
9555,16,-2594.583441,1
29074,15,-2594.583800,1
4038,4,-2594.540183,1
208002,12,-2594.600745,1
5816,4,-2594.430869,1
10581,16,-2594.386328,1
208300,11,-2594.602149,1
6212,4,-2594.665434,1
45191,17,-2594.432539,1
4230,4,-2594.533698,1
5497,4,-2594.543585,1
3698,4,-2594.410071,1
4347,4,-2594.439803,1
82415,12,-2594.524214,1
218167,11,-2594.689604,1
5379,4,-2594.518134,1
207931,14,-2594.736769,1
4372,4,-2594.423743,1
5817,4,-2594.466765,1
185480,11,-2594.374609,1
4203,4,-2594.526228,1
4207,4,-2594.526541,1
3561,4,-2594.416777,1
4128,4,-2594.436873,1
208392,11,-2594.631697,1
55708,16,-2594.718855,1
215182,14,-2594.516325,1
207428,17,-2594.340643,1
3663,4,-2594.386923,1
275600,13,-2594.682166,1
3692,4,-2594.434752,1
3574,4,-2594.382643,1
4057,4,-2594.439574,1
4119,4,-2594.409422,1
181256,11,-2594.706389,1
283149,13,-2594.566321,1
9407,16,-2594.447707,1
181259,11,-2594.732443,1
196105,12,-2594.736525,1
8947,14,-2594.598860,1
4171,4,-2594.431273,1
4367,4,-2594.453200,1
2944,4,-2594.431975,1
178786,11,-2594.424803,1
2930,4,-2594.437247,1
4227,4,-2594.448119,1
4280,4,-2594.430548,1
4370,4,-2594.431326,1
279146,13,-2594.675620,1
70620,16,-2594.286566,1
3401,4,-2594.481207,1
1304,4,-2594.414443,1
2935,4,-2594.437003,1
4323,4,-2594.323637,1
4777,4,-2594.274191,1
3696,4,-2594.431731,1
3006,4,-2594.575446,1
183400,11,-2594.582449,1
3452,4,-2594.401503,1
5028,4,-2594.309515,1
25956,13,-2594.372672,1
3573,4,-2594.411429,1
4184,4,-2594.397902,1
81206,12,-2594.544646,1
1155,4,-2594.561728,1
1968,4,-2594.400404,1
2198,4,-2594.317580,1
2510,4,-2594.286627,1
4050,4,-2594.303130,1
5035,4,-2594.267790,1
223282,13,-2594.563628,1
9022,14,-2594.479727,1
5536,4,-2594.558539,1
2498,4,-2594.340422,1
5071,4,-2594.299330,1
21883,14,-2594.740096,1
3546,4,-2594.309012,1
2711,4,-2594.373709,1
3394,4,-2594.395407,1
192482,12,-2594.576178,1
4627,4,-2594.543402,1
5800,4,-2594.532088,1
2185,4,-2594.321379,1
3250,4,-2594.315901,1
5023,4,-2594.296286,1
3626,4,-2594.275366,1
325353,16,-2594.422858,1
326004,16,-2594.423125,1
210192,11,-2594.738142,1
202324,13,-2594.730742,1
5805,4,-2594.576422,1
5485,4,-2594.544692,1
3254,4,-2594.434020,1
4138,4,-2594.571455,1
5803,4,-2594.574103,1
2255,4,-2594.301947,1
3261,4,-2594.273322,1
4067,4,-2594.608443,1
5813,4,-2594.551939,1
202808,11,-2594.716475,1
295,4,-2594.232268,1
2189,4,-2594.285613,1
207525,15,-2594.541968,1
210279,11,-2594.577765,1
273354,11,-2594.678442,1
86091,12,-2594.641432,1
208331,11,-2594.618445,1
4864,4,-2594.482008,1
4251,4,-2594.525038,1
4262,4,-2594.494116,1
5833,4,-2594.662299,1
2963,4,-2594.508467,1
177,4,-2594.238226,1
242024,11,-2594.719893,1
4238,4,-2594.494429,1
203562,11,-2594.604598,1
201927,11,-2594.733717,1
4249,4,-2594.488989,1
55232,15,-2594.683020,1
83159,12,-2594.577109,1
227676,15,-2594.544333,1
4257,4,-2594.462325,1
2018,4,-2594.403372,1
83532,12,-2594.709090,1
4241,4,-2594.486319,1
5779,4,-2594.731123,1
84555,12,-2594.639060,1
52836,14,-2594.624075,1
2958,4,-2594.402876,1
3097,4,-2594.402472,1
2555,4,-2594.321082,1
2978,4,-2594.366103,1
4253,4,-2594.368025,1
5042,4,-2594.368971,1
3408,4,-2594.401686,1
3424,4,-2594.459456,1
3446,4,-2594.400519,1
242027,11,-2594.602255,1
3396,4,-2594.432662,1
207968,13,-2594.578001,1
2354,4,-2594.380972,1
279045,14,-2594.676642,1
179610,9,-2594.381712,1
3294,4,-2594.330138,1
201547,12,-2594.606001,1
279112,13,-2594.536803,1
85532,12,-2594.483366,1
6207,3,-2594.703352,1
208179,14,-2594.493323,1
3587,4,-2594.378134,1
190667,11,-2594.570464,1
3270,4,-2594.324790,1
1955,4,-2594.366820,1
2635,4,-2594.345610,1
40442,17,-2594.544798,1
209015,11,-2594.575087,1
2215,4,-2594.360243,1
4304,4,-2594.322539,1
52,4,-2594.279364,1
218761,11,-2594.553618,1
1012,3,-2594.524977,1
2522,4,-2594.310652,1
242163,10,-2594.455069,1
1419,4,-2594.613471,1
3393,4,-2594.359633,1
3579,4,-2594.339484,1
32013,15,-2594.717787,1
6853,16,-2594.398863,1
208067,15,-2594.508521,1
208422,11,-2594.717688,1
2701,4,-2594.316306,1
81764,12,-2594.540411,1
210188,11,-2594.694449,1
4199,3,-2594.563513,1
655,4,-2594.509299,1
2060,4,-2594.371947,1
3348,4,-2594.617636,1
3383,4,-2594.338622,1
32192,13,-2594.712775,1
1807,3,-2594.659102,1
242030,10,-2594.581053,1
209515,11,-2594.736022,1
210203,11,-2594.608733,1
4064,3,-2594.595587,1
4208,3,-2594.550047,1
6101,3,-2594.578383,1
2229,4,-2594.232710,1
187903,11,-2594.390807,1
208995,11,-2594.723891,1
221068,11,-2594.692877,1
207562,14,-2594.581603,1
202881,9,-2594.614790,1
1962,4,-2594.228217,1
2212,4,-2594.234419,1
6856,16,-2594.411299,1
50401,15,-2594.628844,1
181323,9,-2594.714179,1
210070,11,-2594.690642,1
3428,3,-2594.543341,1
5780,3,-2594.726447,1
6104,3,-2594.697974,1
208328,11,-2594.601775,1
3369,4,-2594.191367,1
208797,11,-2594.726775,1
6852,16,-2594.293517,1
6691,2,-2594.675139,1
31126,12,-2594.497305,1
31460,6,-2594.423132,1
31463,1,-2594.286665,1
32587,10,-2594.710272,1
32630,6,-2594.387137,1
32633,1,-2594.251402,1
32639,7,-2594.409956,1
35634,6,-2594.537619,1
35637,1,-2594.440932,1
35643,7,-2594.562079,1
40669,13,-2594.718886,1
40775,7,-2594.536757,1
41231,6,-2594.526640,1
58915,13,-2594.680533,1
70778,8,-2594.652693,1
70825,8,-2594.622733,1
85149,8,-2594.544814,1
85152,8,-2594.672591,1
23626,1,-2593.765952,1
23628,1,-2593.747862,1
23710,1,-2593.732420,1
24008,1,-2593.366187,1
109063,2,-2594.488577,1
109065,2,-2594.119856,1
109069,4,-2594.746283,1
109072,2,-2594.537329,1
109075,2,-2594.301962,1
109077,2,-2594.038634,1
109081,4,-2594.529578,1
109084,2,-2594.494589,1
109095,2,-2594.570708,1
109098,2,-2594.304541,1
109103,2,-2594.735465,1
109106,2,-2594.544692,1
109111,4,-2594.730788,1
109113,4,-2594.513709,1
109117,8,-2594.926550,1
109119,4,-2594.744071,1
109158,2,-2594.497443,1
109160,2,-2594.250311,1
109164,4,-2594.722968,1
109167,2,-2594.659628,1
109174,2,-2594.496306,1
109178,2,-2594.689063,1
109328,2,-2594.382658,1
109331,2,-2594.136618,1
109342,2,-2594.293608,1
131277,1,-2594.310393,1
131280,1,-2594.290419,1
131301,2,-2594.501067,1
131337,1,-2594.323988,1
131445,1,-2594.139716,1
131541,1,-2594.284255,1
131544,1,-2594.241148,1
131565,2,-2594.496886,1
131601,1,-2594.434859,1
131709,1,-2594.272795,1
133278,1,-2594.303992,1
133374,1,-2594.273566,1
135262,1,-2594.008574,1
135265,1,-2594.005263,1
135286,2,-2594.229331,1
135322,1,-2594.194334,1
135430,1,-2593.977881,1
135874,1,-2594.001044,1
139494,1,-2594.049025,1
139503,1,-2594.010886,1
139526,2,-2594.249251,1
139574,1,-2594.101653,1
139662,1,-2594.000563,1
139758,1,-2593.977751,1
140586,1,-2593.661986,1
153534,2,-2594.147559,1
153540,4,-2594.164717,1
153543,4,-2594.270293,1
153546,6,-2594.278128,1
153549,2,-2594.052313,1
153552,2,-2594.127509,1
153555,2,-2594.087439,1
153564,2,-2594.202246,1
153603,2,-2594.370253,1
153606,6,-2594.557852,1
153609,6,-2594.541136,1
153612,2,-2594.348044,1
153615,4,-2594.494559,1
153618,8,-2594.706366,1
153621,4,-2594.588271,1
153624,2,-2594.274802,1
153627,4,-2594.323370,1
153630,2,-2594.255026,1
153633,4,-2594.472899,1
153636,4,-2594.532454,1
208054,7,-2594.306342,1
208060,8,-2594.367621,1
208064,11,-2594.462798,1
208076,7,-2594.287642,1
208085,3,-2594.221076,1
208088,7,-2594.353690,1
208097,7,-2594.284651,1
208107,7,-2594.310332,1
208110,9,-2594.339758,1
208113,3,-2594.193739,1
208128,3,-2593.808341,1
208228,4,-2594.586417,1
208232,4,-2594.577704,1
208236,11,-2594.681571,1
208247,7,-2594.546187,1
208258,11,-2594.557852,1
208470,7,-2594.461989,1
208473,11,-2594.544905,1
208482,7,-2594.449538,1
208491,3,-2594.184866,1
208539,11,-2594.694678,1
208897,7,-2594.477248,1
208900,13,-2594.532172,1
208904,7,-2594.442763,1
208919,3,-2594.184439,1
209037,3,-2594.402350,1
209389,7,-2594.579581,1
209394,9,-2594.585364,1
209400,4,-2594.545813,1
209421,4,-2594.367842,1
209464,11,-2594.583708,1
209567,4,-2594.534430,1
210121,8,-2594.579901,1
210124,7,-2594.610709,1
210130,7,-2594.567244,1
210160,8,-2594.387534,1
210226,7,-2594.583785,1
210428,8,-2594.557707,1
210593,7,-2594.390181,1
211027,6,-2594.495779,1
211030,7,-2594.554808,1
211036,7,-2594.477461,1
211066,6,-2594.273802,1
211132,7,-2594.678198,1
211334,6,-2594.464056,1
211499,5,-2594.501936,1
211942,7,-2594.500029,1
211947,9,-2594.528189,1
211953,4,-2594.449866,1
211974,4,-2594.246878,1
212017,11,-2594.670966,1
212120,4,-2594.444342,1
212492,7,-2594.501090,1
212744,5,-2594.459845,1
215127,4,-2594.305396,1
215130,7,-2594.368521,1
215136,7,-2594.346350,1
215163,4,-2594.087759,1
215223,7,-2594.515761,1
215417,4,-2594.280402,1
215566,3,-2594.297362,1
215790,3,-2594.248282,1
229549,7,-2594.354399,1
229554,9,-2594.338217,1
229560,4,-2594.247534,1
229581,4,-2594.049384,1
229624,11,-2594.497008,1
229727,4,-2594.221320,1
230099,7,-2594.266989,1
230351,5,-2594.226912,1
231133,3,-2594.004065,1
333345,2,-2594.364554,1
333438,6,-2594.328825,1
333531,6,-2594.246024,1
333615,2,-2594.078551,1
333624,2,-2594.100035,1
334275,4,-2594.357390,1
334731,8,-2594.507765,1
334734,8,-2594.730834,1
334737,8,-2594.718413,1
334740,8,-2594.486166,1
334743,8,-2594.721877,1
334746,16,-2594.907263,1
334749,8,-2594.717185,1
335196,4,-2594.289649,1
335199,4,-2594.526450,1
335202,4,-2594.516135,1
335205,4,-2594.276450,1
335208,4,-2594.494483,1
335211,8,-2594.717673,1
335214,4,-2594.554389,1
373614,1,-2594.056036,1
373615,1,-2594.235198,1
373624,1,-2593.969763,1
373625,1,-2594.264273,1
373634,1,-2594.502646,1
373639,1,-2594.379218,1
373644,2,-2594.501616,1
374153,1,-2594.557967,1
374168,1,-2594.582282,1
374461,1,-2594.349097,1
374476,1,-2594.447043,1
375669,1,-2594.119826,1
375670,1,-2594.263297,1
375699,1,-2594.512106,1
375977,1,-2594.484320,1
376153,1,-2594.351584,1
377049,1,-2594.157889,1
377050,1,-2594.279318,1
377079,1,-2594.512747,1
377094,2,-2594.493643,1
377357,1,-2594.321799,1
377533,1,-2594.312880,1
378173,1,-2594.148764,1
378188,1,-2594.233382,1
378261,1,-2594.218405,1
378305,2,-2594.343176,1
378721,1,-2594.074179,1
379089,1,-2593.902899,1
384633,1,-2593.838843,1
384634,1,-2593.961333,1
384663,1,-2594.260687,1
384678,2,-2594.216551,1
384941,1,-2594.220084,1
385117,1,-2594.058829,1
385661,1,-2593.758040,1
85155,8,-2594.516188,1
85164,8,-2594.723586,1
97779,2,-2594.662619,1
97781,2,-2594.638106,1
97791,2,-2594.665312,1
97793,2,-2594.483115,1
97797,2,-2594.397276,1
97803,2,-2594.488715,1
97805,2,-2594.287627,1
97809,2,-2594.034766,1
98031,2,-2594.508193,1
98307,2,-2594.508353,1
98309,2,-2594.478156,1
98319,2,-2594.529799,1
98320,1,-2594.389998,1
98321,2,-2594.352385,1
98322,1,-2594.390387,1
98323,1,-2594.335227,1
98325,2,-2594.300826,1
98331,2,-2594.470526,1
98337,2,-2594.054686,1
98343,2,-2594.340407,1
98345,2,-2594.289481,1
98355,2,-2594.330039,1
98357,2,-2594.132681,1
98361,2,-2594.251448,1
98367,2,-2594.454085,1
98373,2,-2594.206320,1
98421,1,-2594.237540,1
98433,1,-2594.343558,1
98439,1,-2594.199027,1
98445,1,-2594.487631,1
98559,2,-2594.513358,1
98561,2,-2594.286986,1
98563,1,-2594.487303,1
98565,2,-2594.259818,1
98571,2,-2594.333197,1
98853,1,-2594.476981,1
98855,1,-2594.446120,1
98865,1,-2594.466544,1
98867,1,-2594.420706,1
98979,4,-2594.796225,1
98985,4,-2594.599265,1
98988,2,-2594.647269,1
98990,2,-2594.469923,1
98994,2,-2594.283934,1
98997,2,-2594.618552,1
98999,2,-2594.554694,1
99003,2,-2594.417105,1
99033,2,-2594.617522,1
99039,2,-2594.227202,1
99099,2,-2594.470511,1
99101,2,-2594.414893,1
99102,1,-2594.466750,1
99111,2,-2594.428977,1
99113,2,-2594.355559,1
99177,2,-2594.474326,1
99195,2,-2594.634978,1
99225,1,-2594.770911,1
99237,1,-2594.260657,1
99239,1,-2594.257765,1
99243,1,-2594.389197,1
99245,1,-2594.367514,1
100335,2,-2594.278372,1
100337,2,-2594.242552,1
100815,2,-2594.663374,1
153648,16,-2594.326178,1
153669,16,-2594.332327,1
153951,16,-2594.836066,1
154062,16,-2594.869284,1
130922,8,-2594.864119,1
313607,8,-2594.810568,1
373896,8,-2594.876730,1
413759,8,-2594.806479,1
70708,12,-2594.424963,1
70831,12,-2594.659270,1
153705,12,-2594.448943,1
153714,12,-2594.530577,1
153789,12,-2594.674246,1
153825,12,-2594.527785,1
154017,12,-2594.667075,1
327120,12,-2594.567320,1
329724,12,-2594.774054,1
40699,16,-2594.663023,1
37508,14,-2594.728178,1
39128,14,-2594.516516,1
14150,13,-2594.560248,1
16895,13,-2594.506087,1
9875,12,-2594.537077,1
17858,12,-2594.543959,1
56756,12,-2594.597403,1
57436,12,-2594.317374,1
21775,11,-2594.321814,1
21800,11,-2594.483344,1
40638,11,-2594.469702,1
40654,11,-2594.719084,1
49984,11,-2594.561545,1
58166,11,-2594.667059,1
11524,10,-2594.447295,1
18201,10,-2594.527098,1
55238,10,-2594.699164,1
61354,10,-2594.660994,1
9507,9,-2594.481215,1
16998,9,-2594.519347,1
36788,9,-2594.422438,1
40565,9,-2594.682921,1
52844,9,-2594.560698,1
59065,9,-2594.568404,1
9331,8,-2594.129591,1
9907,8,-2594.613081,1
39567,8,-2594.444174,1
40064,8,-2594.080977,1
45108,8,-2594.222296,1
58856,8,-2594.550589,1
143457,8,-2594.417326,1
147402,8,-2594.416449,1
148734,8,-2594.596579,1
151449,8,-2594.137137,1
153642,8,-2594.170401,1
8219,7,-2594.381117,1
10803,7,-2594.354537,1
61160,7,-2594.434142,1
63400,7,-2594.645300,1
10249,6,-2594.149794,1
13100,6,-2594.416907,1
47263,6,-2594.434767,1
58865,6,-2594.368041,1
68694,6,-2594.468649,1
79486,6,-2594.133322,1
81731,6,-2594.086524,1
83547,6,-2594.392592,1
143838,6,-2594.728911,1
147672,6,-2594.393805,1
147774,6,-2594.495421,1
152826,6,-2594.396246,1
172537,6,-2594.360220,1
12115,5,-2594.573332,1
16874,5,-2594.374350,1
29078,5,-2594.599364,1
31979,5,-2594.825415,1
58095,5,-2594.566962,1
63779,5,-2594.372122,1
13653,4,-2594.122488,1
23330,4,-2593.849951,1
42893,4,-2594.317542,1
43669,4,-2594.376273,1
53876,4,-2594.192473,1
57349,4,-2594.328360,1
66843,4,-2594.427252,1
75003,4,-2594.082167,1
81620,4,-2594.210974,1
92901,4,-2594.363158,1
115596,4,-2594.598456,1
124276,4,-2594.350951,1
130952,4,-2594.587859,1
131331,4,-2594.715186,1
131912,4,-2594.702437,1
301706,4,-2594.701201,1
305477,4,-2594.379042,1
313269,4,-2594.503569,1
313574,4,-2594.677939,1
316759,4,-2594.306700,1
372891,4,-2594.733893,1
373789,4,-2594.695792,1
373926,4,-2594.763831,1
381345,4,-2594.415289,1
384885,4,-2594.346014,1
405043,4,-2594.608489,1
413566,4,-2594.501845,1
413728,4,-2594.491545,1
413848,4,-2594.498641,1
414227,4,-2594.661360,1
11278,3,-2594.425299,1
22022,3,-2594.386321,1
26615,3,-2594.194190,1
28677,3,-2593.725752,1
48388,3,-2594.375197,1
53830,3,-2594.432936,1
68017,3,-2594.339087,1
73944,3,-2594.340308,1
81133,3,-2594.224753,1
91246,3,-2594.256636,1
331564,3,-2594.416975,1
342213,3,-2594.526610,1
10428,2,-2594.247954,1
13155,2,-2594.334158,1
29405,2,-2594.303915,1
30965,2,-2594.503539,1
50291,2,-2593.762709,1
59027,2,-2594.121603,1
75640,2,-2593.717246,1
78980,2,-2594.192206,1
80259,2,-2593.859984,1
91017,2,-2594.126448,1
115964,2,-2594.251379,1
128021,2,-2594.590529,1
135457,2,-2594.230048,1
138815,2,-2594.038565,1
139517,2,-2594.096304,1
282195,2,-2594.161009,1
288554,2,-2594.067008,1
301714,2,-2594.361578,1
301759,2,-2594.474417,1
302231,2,-2594.487502,1
303830,2,-2594.157797,1
308142,2,-2594.470114,1
317959,2,-2593.874976,1
318192,2,-2594.099249,1
361252,2,-2594.644209,1
368119,2,-2594.390677,1
383945,2,-2594.292609,1
384947,2,-2594.417380,1
385697,2,-2594.118193,1
387305,2,-2594.146109,1
397644,2,-2594.209349,1
403234,2,-2594.371024,1
405775,2,-2594.288176,1
410658,2,-2594.204199,1
44463,1,-2593.937842,1
61419,1,-2594.628958,1
68992,1,-2594.148581,1
76650,1,-2594.244681,1
82921,1,-2594.217650,1
89164,1,-2593.943167,1
113346,1,-2594.467497,1
117799,1,-2594.084944,1
123617,1,-2594.379591,1
131775,1,-2594.261450,1
136504,1,-2594.408370,1
212657,1,-2594.263594,1
272904,1,-2594.330496,1
296064,1,-2594.104399,1
296195,1,-2594.222388,1
296260,1,-2594.151686,1
298369,1,-2594.181151,1
302365,1,-2594.300528,1
302824,1,-2594.139472,1
310001,1,-2593.880400,1
311764,1,-2594.303168,1
313597,1,-2594.180762,1
314934,1,-2594.313101,1
316503,1,-2594.280791,1
316767,1,-2594.283202,1
318673,1,-2594.292944,1
329857,1,-2594.325316,1
354921,1,-2594.339087,1
362880,1,-2594.149710,1
365643,1,-2594.424742,1
373592,1,-2593.964690,1
376510,1,-2594.246718,1
383594,1,-2594.366972,1
389933,1,-2594.140677,1
390063,1,-2594.130553,1
390243,1,-2593.912398,1
392191,1,-2594.205336,1
394179,1,-2594.164816,1
395563,1,-2594.127387,1
396476,1,-2594.445921,1
398168,1,-2594.317160,1
398661,1,-2593.854331,1
398666,1,-2593.883864,1
399348,1,-2593.994818,1
406684,1,-2594.191679,1
413350,1,-2594.299178,1
414383,1,-2594.476889,1
414679,1,-2594.399901,1
201991,9,-2594.619902,1
413758,2,-2594.342528,1
201707,10,-2594.580542,1
413104,4,-2594.539275,1
413760,4,-2594.669440,1
413757,4,-2594.638052,1
413847,2,-2594.312865,1
273356,11,-2594.685103,1
413754,4,-2594.674017,1
280301,10,-2594.598311,1
413750,1,-2594.355116,1
283018,10,-2594.520224,1
205628,10,-2594.453719,1
413843,1,-2594.470381,1
208862,13,-2594.665946,1
413103,2,-2594.316527,1
213247,6,-2594.504096,1
283274,6,-2594.393652,1
202245,8,-2594.704710,1
282880,8,-2594.418883,1
275409,9,-2594.644858,1
413749,2,-2594.633139,1
275448,5,-2594.346312,1
399090,1,-2594.063643,1
338187,16,-2594.837172,1
283404,9,-2594.663680,1
275405,6,-2594.578627,1
275830,6,-2594.641676,1
334374,12,-2594.777419,1
399408,1,-2594.092635,1
399234,1,-2593.890822,1
151287,8,-2594.710356,1
150510,8,-2594.755461,1
100845,2,-2594.285933,1
100839,2,-2594.652564,1
104890,1,-2594.455359,1
101914,1,-2594.329527,1
399054,1,-2593.805380,1
101910,1,-2594.524199,1
151398,8,-2594.757391,1
100833,2,-2594.494582,1
151209,4,-2594.539443,1
275817,6,-2594.594679,1
100935,1,-2594.494292,1
104886,1,-2594.519911,1
150417,4,-2594.570014,1
100828,1,-2594.534750,1
100827,2,-2594.679755,1
151197,4,-2594.573683,1
150408,4,-2594.626608,1
150508,2,-2594.620024,1
100831,1,-2594.506613,1
283409,5,-2594.438246,1
150498,6,-2594.762824,1
150414,4,-2594.714102,1
104989,1,-2594.453604,1
103430,1,-2594.133757,1
153969,8,-2594.692610,1
338280,8,-2594.691802,1
151305,4,-2594.569739,1
100875,2,-2594.643713,1
104917,1,-2594.420409,1
275834,3,-2594.276076,1
103428,1,-2594.351393,1
100841,2,-2594.463454,1
413099,1,-2594.348120,1
356726,8,-2594.642264,1
354184,6,-2594.615912,1
106406,1,-2594.248061,1
275814,5,-2594.652594,1
100929,1,-2594.356459,1
151386,6,-2594.594649,1
151296,4,-2594.441199,1
151302,4,-2594.550330,1
101911,1,-2594.375121,1
334713,8,-2594.608542,1
100830,1,-2594.544196,1
154395,8,-2594.687857,1
153966,8,-2594.657996,1
104887,1,-2594.486487,1
354432,8,-2594.724341,1
101067,2,-2594.636694,1
172568,8,-2594.691618,1
106404,1,-2594.325209,1
338745,8,-2594.730795,1
100829,2,-2594.513091,1
149973,4,-2594.479758,1
154506,8,-2594.737715,1
100863,2,-2594.489401,1
149964,4,-2594.498785,1
387429,1,-2594.153609,1
274830,2,-2594.352049,1
105100,2,-2594.625403,1
109051,1,-2594.505301,1
387375,1,-2594.232214,1
149970,4,-2594.453291,1
356788,4,-2594.354964,1
103429,1,-2594.181883,1
109260,1,-2594.500891,1
151170,2,-2594.445982,1
154413,4,-2594.519774,1
105096,2,-2594.655959,1
106405,1,-2594.304831,1
172864,4,-2594.408446,1
357098,4,-2594.543082,1
354410,4,-2594.608901,1
154410,4,-2594.453352,1
354412,4,-2594.584502,1
116188,1,-2594.628096,1
105574,1,-2594.767569,1
6095,3,-2594.564108,1
2519,4,-2594.176939,1
3374,4,-2594.210745,1
241938,11,-2594.547537,1
211091,11,-2594.631628,1
30120,15,-2594.597899,1
5612,4,-2594.665610,1
6196,3,-2594.548186,1
190840,9,-2594.457968,1
202605,10,-2594.621130,1
56055,15,-2594.709929,1
2534,4,-2594.171027,1
6234,2,-2594.607657,1
49623,15,-2594.586752,1
3697,3,-2594.401083,1
5501,4,-2594.677107,1
3559,3,-2594.410208,1
207942,14,-2594.714606,1
208694,14,-2594.725806,1
205892,12,-2594.414160,1
196146,10,-2594.565634,1
28068,13,-2594.561873,1
70729,12,-2594.619780,1
4135,3,-2594.429701,1
190673,11,-2594.578436,1
1305,3,-2594.449034,1
3437,3,-2594.398848,1
4371,3,-2594.418326,1
5819,3,-2594.425536,1
410,4,-2594.450964,1
2395,4,-2594.186537,1
6865,16,-2594.312590,1
5498,2,-2594.512297,1
17140,16,-2594.695433,1
207771,11,-2594.718314,1
81485,12,-2594.515288,1
190778,9,-2594.374289,1
186691,10,-2594.588843,1
207946,10,-2594.604529,1
85020,12,-2594.685767,1
176980,8,-2594.416602,1
219518,11,-2594.588591,1
6244,2,-2594.534377,1
838,3,-2594.483122,1
5810,2,-2594.529547,1
242038,10,-2594.577284,1
179913,9,-2594.607008,1
208699,14,-2594.709448,1
1156,3,-2594.562918,1
6231,2,-2594.490759,1
3364,3,-2594.407294,1
199237,12,-2594.557883,1
2937,4,-2594.531325,1
5795,4,-2594.547476,1
242396,11,-2594.570494,1
4245,4,-2594.558760,1
219521,11,-2594.601553,1
197291,12,-2594.561011,1
207450,16,-2594.380255,1
204245,11,-2594.538191,1
86184,12,-2594.630682,1
1303,3,-2594.386595,1
9483,14,-2594.587317,1
4210,4,-2594.549742,1
4220,4,-2594.541144,1
1598,3,-2594.551428,1
208729,11,-2594.691893,1
210180,11,-2594.564101,1
6137,2,-2594.511710,1
6300,2,-2594.500906,1
5382,2,-2594.462836,1
5564,2,-2594.493018,1
3356,3,-2594.519698,1
4566,2,-2594.449347,1
3008,4,-2594.501807,1
11619,16,-2594.629195,1
39253,17,-2594.585730,1
192523,9,-2594.607932,1
242046,11,-2594.702734,1
977,2,-2594.496169,1
4156,2,-2594.487868,1
4214,2,-2594.476721,1
4350,3,-2594.566130,1
5715,2,-2594.411635,1
244305,12,-2594.565924,1
274519,12,-2594.546355,1
8900,13,-2594.576674,1
4556,2,-2594.428648,1
6256,2,-2594.418509,1
208438,8,-2594.653159,1
3426,3,-2594.277083,1
5853,3,-2594.564467,1
211094,11,-2594.709258,1
5030,4,-2594.417975,1
4434,2,-2594.493422,1
179464,10,-2594.488219,1
2867,2,-2594.423277,1
2929,2,-2594.380705,1
190838,9,-2594.473372,1
1154,3,-2594.498518,1
2957,2,-2594.389006,1
207598,11,-2594.569235,1
974,2,-2594.383742,1
4154,2,-2594.364729,1
4568,2,-2594.461798,1
5824,2,-2594.413313,1
294,3,-2594.240965,1
4122,3,-2594.556777,1
4328,3,-2594.575156,1
208006,7,-2594.424147,1
8970,13,-2594.387717,1
208369,11,-2594.568572,1
243413,9,-2594.549704,1
4597,2,-2594.402754,1
4625,2,-2594.412550,1
5996,2,-2594.444243,1
70766,12,-2594.639533,1
986,2,-2594.372801,1
4216,2,-2594.362853,1
5479,2,-2594.362936,1
3751,4,-2594.424307,1
1792,2,-2594.418639,1
3674,2,-2594.307478,1
4228,2,-2594.426108,1
192330,11,-2594.673392,1
83625,12,-2594.692427,1
213320,11,-2594.549971,1
8910,13,-2594.402625,1
3256,4,-2594.383734,1
4212,4,-2594.381354,1
3439,2,-2594.349310,1
5388,2,-2594.366110,1
4321,3,-2594.470343,1
1770,2,-2594.549841,1
4272,2,-2594.485960,1
207819,11,-2594.630484,1
1771,2,-2594.406973,1
4260,2,-2594.480437,1
4270,2,-2594.385947,1
9035,13,-2594.462401,1
3366,2,-2594.431128,1
206607,11,-2594.550536,1
209917,11,-2594.581603,1
6252,2,-2594.393561,1
3634,3,-2594.555808,1
6235,2,-2594.628577,1
3676,2,-2594.433691,1
178,3,-2594.244002,1
3666,3,-2594.519919,1
4041,3,-2594.558012,1
4131,3,-2594.543967,1
5519,3,-2594.575224,1
208520,9,-2594.596289,1
204318,9,-2594.624831,1
4223,2,-2594.424994,1
2191,4,-2594.408835,1
2503,4,-2594.389754,1
2945,4,-2594.374342,1
2988,4,-2594.383215,1
3562,4,-2594.404707,1
3890,4,-2594.369551,1
4298,4,-2594.404807,1
5829,2,-2594.394667,1
190666,10,-2594.565947,1
198891,8,-2594.428145,1
3526,2,-2594.384673,1
1838,2,-2594.332221,1
1890,2,-2594.305876,1
3717,2,-2594.312407,1
4401,2,-2594.411261,1
4978,2,-2594.293402,1
5818,2,-2594.350829,1
208009,9,-2594.603575,1
5934,2,-2594.484679,1
3427,2,-2594.434088,1
176,3,-2594.234076,1
3351,3,-2594.418601,1
2257,4,-2594.372023,1
3430,2,-2594.364241,1
5381,2,-2594.378821,1
6648,2,-2594.485518,1
6290,2,-2594.489745,1
4373,2,-2594.376563,1
6048,2,-2594.414633,1
5041,2,-2594.350279,1
5807,2,-2594.404295,1
2184,2,-2594.268500,1
53112,15,-2594.748618,1
2497,2,-2594.274756,1
190803,10,-2594.509741,1
227723,12,-2594.571372,1
222403,11,-2594.534323,1
179592,8,-2594.430380,1
4222,2,-2594.401442,1
1735,2,-2594.321921,1
3679,2,-2594.249350,1
4357,2,-2594.290251,1
53132,15,-2594.736639,1
202813,11,-2594.726698,1
53919,13,-2594.604216,1
1009,2,-2594.407767,1
1035,2,-2594.359038,1
1738,2,-2594.416358,1
1804,2,-2594.446013,1
1889,2,-2594.431639,1
4359,2,-2594.401801,1
3423,2,-2594.384825,1
4232,2,-2594.344374,1
1032,2,-2594.270895,1
4431,2,-2594.365576,1
4553,2,-2594.281516,1
1808,2,-2594.425971,1
1841,2,-2594.406729,1
3591,2,-2594.394331,1
4261,2,-2594.415686,1
4469,2,-2594.359351,1
5281,2,-2594.384902,1
5806,2,-2594.453024,1
5828,2,-2594.355177,1
4594,2,-2594.286177,1
3624,3,-2594.446784,1
198748,9,-2594.627249,1
5578,2,-2594.545935,1
6133,2,-2594.528647,1
6240,2,-2594.341452,1
6670,2,-2594.460448,1
5462,2,-2594.465697,1
3700,2,-2594.344298,1
5975,2,-2594.412474,1
5580,2,-2594.417983,1
3719,2,-2594.401595,1
6689,2,-2594.362357,1
207585,14,-2594.580267,1
198669,8,-2594.530371,1
1977,2,-2594.352667,1
4161,2,-2594.309393,1
5434,2,-2594.518973,1
6135,2,-2594.347067,1
3436,2,-2594.297842,1
3567,2,-2594.284033,1
4047,3,-2594.472510,1
6217,2,-2594.521590,1
1747,2,-2594.289687,1
775,2,-2594.274451,1
3530,2,-2594.226836,1
4164,2,-2594.259238,1
208750,13,-2594.653990,1
5797,2,-2594.443945,1
5876,2,-2594.547804,1
1182,2,-2594.310263,1
2776,2,-2594.301596,1
3249,2,-2594.269484,1
5255,2,-2594.282164,1
5823,2,-2594.263808,1
5947,2,-2594.413954,1
5615,2,-2594.500319,1
5844,2,-2594.515105,1
4053,3,-2594.428122,1
5060,3,-2594.436186,1
14143,14,-2594.762228,1
205848,11,-2594.572699,1
251704,11,-2594.552565,1
5602,2,-2594.421065,1
4204,2,-2594.394476,1
6292,2,-2594.336844,1
6303,2,-2594.325804,1
1215,2,-2594.350829,1
5827,2,-2594.336501,1
2199,4,-2594.267127,1
3699,4,-2594.269125,1
2059,2,-2594.344496,1
5504,2,-2594.526267,1
6647,2,-2594.535193,1
208327,11,-2594.602591,1
3584,2,-2594.346426,1
4300,2,-2594.305686,1
5883,2,-2594.517851,1
14253,14,-2594.613997,1
48995,14,-2594.571875,1
3707,2,-2594.268233,1
6243,2,-2594.564101,1
6245,2,-2594.562277,1
3571,2,-2594.271887,1
1330,2,-2594.249770,1
5278,2,-2594.240187,1
1983,2,-2594.278349,1
3628,3,-2594.437865,1
207737,7,-2594.418654,1
5588,2,-2594.506987,1
5600,2,-2594.517493,1
2511,4,-2594.256018,1
275523,12,-2594.686781,1
40477,15,-2594.675429,1
766,2,-2594.508955,1
922,2,-2594.341757,1
989,2,-2594.355490,1
6295,2,-2594.246153,1
1681,2,-2594.266303,1
2211,2,-2594.221983,1
3693,2,-2594.312834,1
4368,2,-2594.428496,1
4380,2,-2594.291823,1
5022,2,-2594.217726,1
209935,11,-2594.603987,1
6219,2,-2594.540793,1
190777,9,-2594.241065,1
18982,17,-2594.525870,1
4820,2,-2594.477286,1
1680,2,-2594.480422,1
3705,2,-2594.278670,1
801,2,-2594.485129,1
4166,2,-2594.345885,1
5461,2,-2594.531294,1
5514,2,-2594.477179,1
5788,2,-2594.534445,1
5791,2,-2594.514090,1
6282,2,-2594.495009,1
763,2,-2594.265166,1
3702,2,-2594.205725,1
4375,2,-2594.229880,1
3287,4,-2594.245718,1
6257,2,-2594.550024,1
923,2,-2594.224951,1
4275,2,-2594.270178,1
251438,11,-2594.707808,1
212068,11,-2594.725501,1
5245,2,-2594.294280,1
5309,2,-2594.247832,1
3212,2,-2594.163695,1
5991,2,-2594.393149,1
2719,2,-2594.298499,1
213393,9,-2594.605834,1
3565,2,-2594.273604,1
5378,2,-2594.353995,1
4325,2,-2594.494635,1
5466,2,-2594.510451,1
6222,2,-2594.496169,1
6247,2,-2594.527770,1
5855,2,-2594.381201,1
282889,12,-2594.559752,1
18989,17,-2594.551131,1
6057,2,-2594.354491,1
4132,2,-2594.509688,1
6120,2,-2594.554762,1
1791,2,-2594.394476,1
4240,2,-2594.541342,1
4382,2,-2594.382483,1
4657,2,-2594.440764,1
5976,2,-2594.280348,1
1976,3,-2594.401976,1
178168,8,-2594.564597,1
70814,12,-2594.592116,1
3630,2,-2594.468916,1
6481,2,-2594.471190,1
5811,2,-2594.538435,1
1445,2,-2594.317542,1
3447,2,-2594.242049,1
3132,2,-2594.160712,1
4581,2,-2594.375090,1
6002,2,-2594.394133,1
4446,2,-2594.398505,1
5467,2,-2594.399451,1
4429,1,-2594.481032,1
2542,4,-2594.221541,1
2557,4,-2594.222670,1
210184,10,-2594.596091,1
205468,12,-2594.459410,1
3586,2,-2594.278899,1
4247,2,-2594.374411,1
4248,2,-2594.274077,1
3973,2,-2594.397536,1
5533,2,-2594.400702,1
5384,2,-2594.212363,1
4819,2,-2594.348692,1
244417,9,-2594.668791,1
6646,2,-2594.366606,1
6233,2,-2594.523345,1
3265,2,-2594.217070,1
4899,2,-2594.152922,1
1629,2,-2594.189108,1
177574,8,-2594.382147,1
6677,2,-2594.320258,1
196087,9,-2594.382308,1
4427,2,-2594.355124,1
208169,9,-2594.578131,1
3358,2,-2594.441275,1
4377,2,-2594.275191,1
3363,2,-2594.273741,1
207755,7,-2594.565421,1
3585,2,-2594.288191,1
654,3,-2594.516768,1
2984,3,-2594.564330,1
4060,3,-2594.402976,1
14266,14,-2594.527976,1
6271,1,-2594.483786,1
2238,4,-2594.232535,1
208877,7,-2594.558844,1
6019,2,-2594.363585,1
6599,2,-2594.506110,1
6609,2,-2594.464079,1
802,2,-2594.236548,1
2024,2,-2594.248892,1
4361,2,-2594.222014,1
203115,8,-2594.587599,1
5587,2,-2594.321036,1
5595,2,-2594.303694,1
6615,2,-2594.429419,1
4534,2,-2594.402922,1
37509,15,-2594.701102,1
823,2,-2594.321364,1
1360,2,-2594.198386,1
2019,2,-2594.260504,1
3425,2,-2594.223799,1
5705,2,-2594.191496,1
201976,8,-2594.545943,1
184798,7,-2594.455718,1
5850,2,-2594.413443,1
4503,2,-2594.417624,1
3062,2,-2594.416701,1
4426,2,-2594.411604,1
6011,2,-2594.435133,1
869,2,-2594.146964,1
1418,3,-2594.573180,1
6478,2,-2594.309599,1
5105,2,-2594.391242,1
6287,2,-2594.378752,1
4824,2,-2594.287764,1
6361,2,-2594.252860,1
196464,10,-2594.696127,1
3347,2,-2594.516058,1
4133,2,-2594.467787,1
4148,2,-2594.487349,1
4832,2,-2594.377631,1
4867,2,-2594.356299,1
4246,2,-2594.323149,1
1538,2,-2594.300360,1
4329,2,-2594.448332,1
204042,10,-2594.459219,1
208434,9,-2594.636389,1
6076,2,-2594.527373,1
6223,2,-2594.489317,1
4094,2,-2594.507193,1
4224,2,-2594.483489,1
2319,2,-2594.408026,1
5482,2,-2594.392706,1
1583,2,-2594.388083,1
237,2,-2594.198416,1
2518,2,-2594.163466,1
466,2,-2594.401091,1
681,2,-2594.232832,1
872,2,-2594.232703,1
2676,2,-2594.253409,1
2724,2,-2594.205107,1
4510,2,-2594.395400,1
5530,2,-2594.423399,1
51,3,-2594.224898,1
207857,13,-2594.525938,1
2718,3,-2594.387358,1
545,3,-2594.262244,1
5490,2,-2594.335440,1
6237,2,-2594.573737,1
4351,2,-2594.410803,1
5527,2,-2594.415663,1
5537,2,-2594.454474,1
6216,2,-2594.433676,1
206245,13,-2594.353453,1
244302,11,-2594.674147,1
6284,1,-2594.475050,1
4584,2,-2594.353514,1
209514,11,-2594.750418,1
1561,2,-2594.524313,1
3367,2,-2594.310484,1
4277,2,-2594.457777,1
70654,12,-2594.494017,1
5889,2,-2594.334662,1
6626,2,-2594.311820,1
2865,2,-2594.309157,1
5432,2,-2594.323210,1
5457,2,-2594.306273,1
5866,2,-2594.440054,1
5383,2,-2594.477271,1
5781,2,-2594.667410,1
4346,2,-2594.351576,1
4353,2,-2594.368140,1
4653,2,-2594.315238,1
5620,2,-2594.413275,1
5825,2,-2594.367667,1
5242,2,-2594.132300,1
6136,1,-2594.463889,1
6480,1,-2594.507445,1
208332,8,-2594.488959,1
4414,2,-2594.319670,1
5688,2,-2594.315238,1
4063,2,-2594.534537,1
4219,2,-2594.491637,1
1632,2,-2594.384108,1
208458,7,-2594.579497,1
6483,2,-2594.339156,1
5849,2,-2594.344336,1
5862,2,-2594.360175,1
70726,12,-2594.601393,1
5443,2,-2594.414206,1
1562,2,-2594.388136,1
1971,2,-2594.222525,1
1526,2,-2594.311308,1
4628,2,-2594.411620,1
778,2,-2594.356253,1
3431,2,-2594.229826,1
3440,2,-2594.205084,1
1773,2,-2594.433943,1
4125,2,-2594.378432,1
4327,2,-2594.429564,1
4331,2,-2594.388098,1
5532,2,-2594.381102,1
5606,2,-2594.389822,1
5719,2,-2594.384886,1
5891,2,-2594.415984,1
6289,2,-2594.380560,1
3746,1,-2594.452773,1
5574,1,-2594.463980,1
5549,2,-2594.265593,1
198536,11,-2594.592604,1
3048,2,-2594.343359,1
4605,2,-2594.329283,1
5288,2,-2594.311293,1
5696,2,-2594.291502,1
6390,2,-2594.334372,1
6672,2,-2594.325980,1
1216,2,-2594.337286,1
4258,2,-2594.523398,1
14358,14,-2594.570273,1
5589,2,-2594.250502,1
198604,10,-2594.587470,1
6343,2,-2594.376990,1
3725,2,-2594.130324,1
5104,2,-2594.279570,1
31007,11,-2594.603705,1
4398,2,-2594.268301,1
4658,2,-2594.291350,1
6010,2,-2594.274085,1
973,2,-2594.371489,1
2864,2,-2594.386206,1
2878,2,-2594.413031,1
2980,2,-2594.362105,1
3049,2,-2594.434653,1
4217,2,-2594.382620,1
5430,2,-2594.419920,1
6188,2,-2594.396079,1
1963,2,-2594.199263,1
5393,1,-2594.426405,1
182782,8,-2594.517302,1
2866,1,-2594.384985,1
6322,1,-2594.381003,1
4396,1,-2594.376227,1
1529,2,-2594.454848,1
1749,2,-2594.263617,1
2659,2,-2594.235289,1
2862,2,-2594.378607,1
2966,2,-2594.406012,1
4388,2,-2594.392325,1
4422,2,-2594.371710,1
5047,2,-2594.368361,1
5473,2,-2594.379889,1
6182,2,-2594.383864,1
6255,2,-2594.430586,1
6277,2,-2594.361815,1
4540,2,-2594.313437,1
65154,8,-2594.309355,1
1787,2,-2594.322089,1
4420,2,-2594.303175,1
6568,2,-2594.316130,1
6618,2,-2594.307250,1
6673,2,-2594.330954,1
6674,2,-2594.322836,1
5107,2,-2594.213469,1
3355,2,-2594.391768,1
3635,2,-2594.421027,1
3910,2,-2594.393057,1
4170,2,-2594.376433,1
4211,2,-2594.393164,1
57327,14,-2594.529006,1
3283,3,-2594.505316,1
190915,9,-2594.564803,1
5843,1,-2594.475394,1
1217,2,-2594.411177,1
4809,2,-2594.377173,1
4863,2,-2594.392416,1
4866,2,-2594.345587,1
3637,2,-2594.355513,1
6506,2,-2594.389929,1
6525,2,-2594.393157,1
6588,2,-2594.374823,1
3662,2,-2594.325102,1
4530,2,-2594.250380,1
5812,2,-2594.447485,1
6225,2,-2594.422255,1
2337,2,-2594.321021,1
6527,2,-2594.293684,1
4504,2,-2594.267813,1
4545,2,-2594.262091,1
5402,2,-2594.376128,1
5835,2,-2594.392203,1
835,2,-2594.224715,1
2769,2,-2594.100745,1
6482,2,-2594.240523,1
5893,2,-2594.281889,1
4543,1,-2594.380026,1
4123,2,-2594.394850,1
6068,2,-2594.396681,1
4054,2,-2594.399016,1
5535,2,-2594.381819,1
4044,2,-2594.387984,1
4058,2,-2594.407118,1
4322,2,-2594.286086,1
5477,2,-2594.357054,1
6199,2,-2594.421706,1
4393,2,-2594.299048,1
204,2,-2594.097052,1
5946,1,-2594.393408,1
40718,15,-2594.673651,1
957,1,-2594.341834,1
6301,1,-2594.343100,1
6340,1,-2594.383078,1
213117,10,-2594.555121,1
4464,1,-2594.382521,1
6634,2,-2594.241866,1
4513,1,-2594.356810,1
6279,1,-2594.380560,1
2909,2,-2594.377951,1
4042,2,-2594.408141,1
4061,2,-2594.411261,1
5470,2,-2594.377226,1
5484,2,-2594.383284,1
959,1,-2594.460974,1
2304,2,-2594.294547,1
4848,2,-2594.235930,1
5444,2,-2594.271979,1
5952,2,-2594.242941,1
196035,9,-2594.543578,1
6226,1,-2594.520621,1
4181,2,-2594.330794,1
4633,2,-2594.371619,1
6622,2,-2594.233527,1
3974,2,-2594.235899,1
5263,2,-2594.233283,1
5693,2,-2594.218565,1
5890,2,-2594.250784,1
5999,2,-2594.271628,1
6015,2,-2594.228735,1
1595,2,-2594.363120,1
3632,2,-2594.391226,1
3669,2,-2594.321631,1
3708,2,-2594.323393,1
5593,2,-2594.366187,1
2714,2,-2594.204947,1
4068,2,-2594.448180,1
6084,2,-2594.387915,1
1119,2,-2594.241019,1
3710,2,-2594.196105,1
4386,2,-2594.161467,1
4449,1,-2594.420729,1
6079,1,-2594.479598,1
3776,1,-2594.349066,1
5543,1,-2594.360533,1
5871,1,-2594.366438,1
5932,2,-2594.185324,1
251750,8,-2594.599921,1
4471,2,-2594.345175,1
4512,1,-2594.538702,1
4655,1,-2594.472922,1
5529,1,-2594.535269,1
5872,2,-2594.404829,1
6600,2,-2594.379141,1
6601,2,-2594.368178,1
6607,2,-2594.347800,1
6666,2,-2594.376112,1
2934,2,-2594.381079,1
3568,2,-2594.335173,1
4087,2,-2594.387244,1
4127,2,-2594.347640,1
4129,2,-2594.383299,1
4234,2,-2594.351820,1
5057,2,-2594.338240,1
5724,2,-2594.338545,1
5784,2,-2594.422003,1
6687,2,-2594.123969,1
5766,2,-2594.182333,1
209028,8,-2594.639403,1
283165,11,-2594.665221,1
4850,2,-2594.278655,1
5094,2,-2594.295043,1
1948,2,-2594.070532,1
4672,2,-2594.285368,1
5821,2,-2594.293311,1
6009,2,-2594.281661,1
5944,1,-2594.444975,1
57416,15,-2594.667059,1
4532,1,-2594.424941,1
6184,1,-2594.426161,1
3063,2,-2594.241896,1
4394,2,-2594.225340,1
4541,2,-2594.217047,1
3353,2,-2594.344626,1
2965,2,-2594.369635,1
5486,2,-2594.424559,1
208021,7,-2594.587737,1
208775,7,-2594.577757,1
6526,2,-2594.193770,1
6679,2,-2594.176482,1
7517,11,-2594.469306,1
5377,1,-2594.426466,1
4424,1,-2594.510504,1
5472,1,-2594.501212,1
192526,7,-2594.534918,1
2913,2,-2594.373236,1
4786,2,-2594.307532,1
4852,2,-2594.274870,1
5337,2,-2594.294127,1
5455,2,-2594.374175,1
5548,2,-2594.362540,1
5571,2,-2594.384993,1
2708,2,-2594.150511,1
3350,2,-2594.343443,1
4379,2,-2594.189589,1
208833,11,-2594.671294,1
203581,8,-2594.476668,1
4582,1,-2594.338637,1
5506,1,-2594.347212,1
5721,1,-2594.377112,1
5753,2,-2594.172591,1
6359,2,-2594.164473,1
628,2,-2594.293814,1
822,2,-2594.321944,1
839,2,-2594.212561,1
1970,2,-2594.220908,1
2394,2,-2594.139822,1
2713,2,-2594.367529,1
3384,2,-2594.147147,1
3388,2,-2594.134474,1
3711,2,-2594.126654,1
4235,2,-2594.133238,1
1793,2,-2594.375350,1
1892,2,-2594.273200,1
3969,2,-2594.266493,1
4585,2,-2594.265845,1
5113,2,-2594.274230,1
5138,2,-2594.257971,1
5351,2,-2594.285147,1
71,2,-2594.203001,1
314,2,-2594.051413,1
5931,1,-2594.346457,1
6297,1,-2594.295958,1
207610,10,-2594.485922,1
4833,2,-2594.188902,1
5123,2,-2594.169310,1
5950,2,-2594.190680,1
6062,2,-2594.201560,1
186728,8,-2594.457579,1
2305,2,-2594.375517,1
6405,2,-2594.320387,1
2596,2,-2594.355696,1
4139,2,-2594.406821,1
6109,2,-2594.393782,1
3667,2,-2594.364249,1
3767,2,-2594.401030,1
3774,2,-2594.377669,1
4134,2,-2594.374167,1
4279,2,-2594.367033,1
5046,2,-2594.362204,1
5048,2,-2594.390669,1
5380,2,-2594.380537,1
5801,2,-2594.409079,1
6221,2,-2594.388403,1
4397,2,-2594.310568,1
4544,2,-2594.319060,1
4589,2,-2594.301123,1
411,3,-2594.487700,1
1993,3,-2594.406294,1
208192,9,-2594.581145,1
5396,1,-2594.333472,1
4611,1,-2594.516135,1
2914,1,-2594.473921,1
4428,1,-2594.532340,1
5605,1,-2594.494429,1
3054,2,-2594.221694,1
4535,2,-2594.240942,1
4590,2,-2594.222472,1
5656,2,-2594.209021,1
2625,2,-2594.292616,1
3041,2,-2594.328696,1
198916,8,-2594.419768,1
198680,8,-2594.422736,1
5990,1,-2594.384528,1
6286,1,-2594.405203,1
2595,2,-2594.246367,1
2877,2,-2594.249106,1
2900,2,-2594.248686,1
6479,2,-2594.237776,1
5397,1,-2594.329947,1
4194,2,-2594.297865,1
5831,2,-2594.406790,1
5834,2,-2594.465979,1
621,2,-2594.300833,1
2274,2,-2594.274275,1
6259,2,-2594.393218,1
1262,2,-2594.073660,1
1293,2,-2594.139204,1
1956,2,-2594.174788,1
4448,1,-2594.348288,1
5559,2,-2594.185851,1
274516,11,-2594.574881,1
4998,2,-2594.242766,1
6371,2,-2594.202788,1
4425,1,-2594.343039,1
4592,1,-2594.368903,1
4320,1,-2594.444022,1
3563,2,-2594.329237,1
3744,2,-2594.398299,1
1599,2,-2594.359259,1
1972,2,-2594.231741,1
196086,9,-2594.205306,1
3122,2,-2593.983206,1
4888,2,-2593.989287,1
211098,9,-2594.711592,1
207522,11,-2594.524909,1
207758,9,-2594.625609,1
3754,1,-2594.368102,1
5509,1,-2594.380934,1
1780,2,-2594.221098,1
6662,2,-2594.207549,1
6037,1,-2594.351439,1
6302,1,-2594.359099,1
2320,2,-2594.219306,1
5454,2,-2594.203047,1
4791,2,-2594.240141,1
4804,2,-2594.213255,1
4855,2,-2594.205077,1
5194,2,-2594.222144,1
4137,2,-2594.369040,1
4173,2,-2594.366515,1
5777,2,-2594.570281,1
5802,2,-2594.453101,1
4297,2,-2594.351920,1
181177,10,-2594.573378,1
1943,2,-2594.067107,1
2732,3,-2594.453841,1
70644,12,-2594.486289,1
5575,2,-2594.587363,1
5619,1,-2594.505248,1
5951,1,-2594.518569,1
4511,2,-2594.237914,1
5274,2,-2594.209189,1
4656,1,-2594.289580,1
4936,2,-2594.338271,1
207733,10,-2594.491583,1
3080,2,-2594.300436,1
4151,1,-2594.483267,1
39203,17,-2594.483580,1
6250,1,-2594.555167,1
4290,2,-2594.337027,1
2342,2,-2594.262312,1
3832,2,-2594.251067,1
4301,2,-2594.346648,1
4336,2,-2594.350920,1
4378,2,-2594.331343,1
219585,9,-2594.549017,1
1181,2,-2594.241393,1
2568,2,-2594.249884,1
2580,2,-2594.260779,1
5851,2,-2594.281119,1
5877,2,-2594.260390,1
1111,2,-2594.234648,1
1270,2,-2594.070181,1
4168,2,-2594.084860,1
3778,2,-2594.323782,1
3903,2,-2594.321326,1
141,2,-2594.067221,1
1223,2,-2594.193129,1
4150,1,-2594.410925,1
978,1,-2594.386061,1
4157,1,-2594.348570,1
4612,1,-2594.389449,1
999,2,-2594.260474,1
6467,2,-2594.271285,1
6620,2,-2594.263190,1
4843,2,-2594.305632,1
207740,9,-2594.456496,1
2339,2,-2594.285376,1
2609,2,-2594.251723,1
3022,2,-2594.268057,1
3100,2,-2594.296957,1
3994,2,-2594.238593,1
4986,2,-2594.260581,1
5970,2,-2594.288092,1
2716,3,-2594.370612,1
198758,8,-2594.558310,1
185448,6,-2594.302451,1
238275,7,-2594.621771,1
208395,7,-2594.632163,1
6625,2,-2594.141379,1
4842,2,-2594.187842,1
4454,1,-2594.347311,1
4609,1,-2594.370001,1
4623,1,-2594.408980,1
6509,2,-2594.196341,1
6597,2,-2594.179984,1
6629,2,-2594.177985,1
6676,2,-2594.195487,1
6333,2,-2594.250761,1
189579,7,-2594.413756,1
6524,1,-2594.401946,1
5562,2,-2594.123328,1
4416,1,-2594.295836,1
4808,1,-2594.306120,1
5394,1,-2594.315619,1
251703,11,-2594.669440,1
196392,10,-2594.682723,1
5291,1,-2594.367865,1
3941,2,-2594.219717,1
4571,2,-2594.206229,1
4938,2,-2594.189856,1
5267,2,-2594.207808,1
6563,2,-2594.190779,1
6656,2,-2594.218749,1
6657,2,-2594.217749,1
6659,2,-2594.196745,1
3040,1,-2594.276526,1
6218,1,-2594.382147,1
3503,2,-2594.360724,1
6598,2,-2594.319785,1
6606,2,-2594.340758,1
6612,2,-2594.331740,1
3005,2,-2594.449759,1
4835,2,-2594.229826,1
1143,2,-2594.287161,1
1283,2,-2594.122702,1
2702,2,-2594.160185,1
203495,8,-2594.643919,1
2164,2,-2594.272109,1
192976,10,-2594.533858,1
5390,1,-2594.335730,1
243412,9,-2594.430678,1
6190,1,-2594.393874,1
6442,1,-2594.325949,1
6610,1,-2594.399825,1
6650,1,-2594.381857,1
2884,1,-2594.350432,1
2951,1,-2594.320837,1
5916,1,-2594.284216,1
5945,1,-2594.324614,1
181626,9,-2594.577567,1
6573,2,-2594.123587,1
4505,1,-2594.292342,1
4660,1,-2594.304549,1
1582,2,-2594.353545,1
3359,2,-2594.305762,1
985,2,-2594.320380,1
2814,2,-2594.390532,1
2918,2,-2594.334532,1
2943,2,-2594.323966,1
2999,2,-2594.485198,1
4037,2,-2594.326498,1
4039,2,-2594.370863,1
4056,2,-2594.339217,1
4062,2,-2594.352675,1
5420,2,-2594.496588,1
5439,2,-2594.376715,1
2357,2,-2594.255591,1
3625,2,-2594.246993,1
4763,2,-2594.271239,1
5333,2,-2594.172438,1
2752,2,-2594.234862,1
6056,1,-2594.339583,1
22099,14,-2594.717215,1
4417,1,-2594.345786,1
5399,1,-2594.333739,1
1902,2,-2594.172728,1
5156,1,-2594.255774,1
6080,1,-2594.495802,1
179660,8,-2594.494872,1
225638,12,-2594.577933,1
3581,2,-2594.368567,1
4254,2,-2594.401152,1
4049,2,-2594.254057,1
5273,2,-2594.282599,1
1974,3,-2594.244452,1
181305,8,-2594.590086,1
6281,1,-2594.333525,1
3649,2,-2594.318442,1
198224,11,-2594.734663,1
251631,11,-2594.551924,1
2480,2,-2594.246947,1
2822,2,-2594.294302,1
2921,2,-2594.270575,1
3906,2,-2594.282431,1
176922,7,-2594.367346,1
7816,11,-2594.412993,1
961,1,-2594.318083,1
5435,1,-2594.478613,1
3623,1,-2594.408965,1
4542,1,-2594.433257,1
4587,1,-2594.398360,1
4395,1,-2594.422003,1
179461,8,-2594.447714,1
4671,2,-2594.206320,1
6567,2,-2594.195197,1
6661,2,-2594.185217,1
2819,2,-2594.228697,1
3935,2,-2594.220770,1
4389,2,-2594.210234,1
5338,2,-2594.122420,1
1218,2,-2594.260939,1
1361,2,-2594.216559,1
1683,2,-2594.238005,1
4873,2,-2594.236052,1
5121,2,-2594.235381,1
5208,2,-2594.210631,1
5772,2,-2594.243765,1
5839,2,-2594.264235,1
2755,2,-2594.210700,1
228438,11,-2594.677611,1
4533,1,-2594.234137,1
5745,1,-2594.239516,1
2148,2,-2594.184493,1
2310,2,-2594.180205,1
5424,2,-2594.177527,1
6374,2,-2594.146307,1
4569,1,-2594.317946,1
1285,2,-2594.365706,1
3517,2,-2594.353461,1
5045,2,-2594.356001,1
1362,2,-2594.263991,1
5136,2,-2594.288054,1
1734,2,-2594.261092,1
3082,2,-2594.286841,1
4073,2,-2594.360541,1
4237,2,-2594.311362,1
4376,2,-2594.267188,1
5707,2,-2594.227179,1
6508,2,-2594.267119,1
6616,2,-2594.223402,1
1329,2,-2594.209792,1
2788,2,-2594.270377,1
2923,2,-2594.247954,1
5729,2,-2594.249205,1
5426,1,-2594.406622,1
208786,7,-2594.696486,1
1768,1,-2594.420989,1
4273,1,-2594.387488,1
4167,1,-2594.332510,1
4564,1,-2594.267104,1
5496,1,-2594.376250,1
6668,2,-2594.162390,1
4447,1,-2594.349310,1
5276,1,-2594.361067,1
6678,1,-2594.326018,1
3078,2,-2594.172019,1
6105,1,-2594.541670,1
1484,2,-2594.275145,1
2586,2,-2594.270163,1
2961,2,-2594.409842,1
2967,2,-2594.407988,1
5154,2,-2594.245100,1
5481,2,-2594.362113,1
186590,9,-2594.542281,1
198370,9,-2594.567366,1
6667,1,-2594.292151,1
1758,2,-2594.186865,1
1797,2,-2594.209906,1
1858,2,-2594.207762,1
3991,2,-2594.162581,1
4994,2,-2594.168334,1
4399,1,-2594.276221,1
4463,1,-2594.248785,1
4537,1,-2594.257727,1
4988,1,-2594.260680,1
5526,1,-2594.258536,1
5681,1,-2594.251181,1
3518,2,-2594.293486,1
3521,2,-2594.318579,1
4066,2,-2594.393485,1
6085,2,-2594.523268,1
235410,8,-2594.402548,1
197332,10,-2594.430045,1
2976,2,-2594.308791,1
3916,2,-2594.245085,1
64266,8,-2594.509352,1
5148,1,-2594.338660,1
5376,1,-2594.326201,1
1693,2,-2594.132880,1
4295,2,-2594.274733,1
4452,1,-2594.339842,1
4536,1,-2594.401030,1
4573,1,-2594.290335,1
6542,2,-2594.106284,1
4565,1,-2594.371123,1
5289,1,-2594.274870,1
5998,1,-2594.325354,1
1316,2,-2594.315787,1
4303,2,-2594.305266,1
2147,2,-2594.254752,1
2150,2,-2594.272246,1
2231,2,-2594.208144,1
6310,2,-2594.212080,1
4435,1,-2594.310767,1
5120,2,-2594.130286,1
6494,2,-2594.100195,1
6522,2,-2594.087103,1
6628,2,-2594.065733,1
6293,1,-2594.226782,1
3971,1,-2594.420386,1
4659,1,-2594.441786,1
4674,1,-2594.415472,1
6008,1,-2594.455481,1
4868,2,-2594.237616,1
5137,2,-2594.254431,1
1385,2,-2594.282172,1
1392,2,-2594.229010,1
1540,2,-2594.252493,1
2691,2,-2594.014365,1
1031,2,-2594.214407,1
1837,2,-2594.210600,1
2173,2,-2594.232398,1
2365,2,-2594.274687,1
2796,2,-2594.269980,1
2832,2,-2594.284941,1
3703,2,-2594.242339,1
3846,2,-2594.204405,1
4348,2,-2594.278197,1
5027,2,-2594.218512,1
5269,2,-2594.228240,1
5930,2,-2594.226416,1
6324,2,-2594.253706,1
6632,1,-2594.311377,1
1887,1,-2594.331793,1
5425,1,-2594.512518,1
6269,1,-2594.281073,1
208769,9,-2594.568221,1
208826,13,-2594.663634,1
2836,2,-2594.168257,1
5416,2,-2594.317694,1
5664,2,-2594.162688,1
4191,1,-2594.315817,1
4977,1,-2594.236586,1
5093,1,-2594.233038,1
5689,1,-2594.215506,1
5720,1,-2594.290221,1
5869,1,-2594.279860,1
6232,1,-2594.325690,1
2787,2,-2594.156874,1
3072,2,-2594.183371,1
4792,2,-2594.044493,1
4976,2,-2594.135298,1
5686,2,-2594.137640,1
6052,2,-2594.098303,1
3543,2,-2594.256720,1
4183,2,-2594.319998,1
198749,8,-2594.463377,1
8387,11,-2594.374030,1
23800,16,-2594.615630,1
3000,1,-2594.445662,1
3893,1,-2594.353705,1
5505,1,-2594.403868,1
4089,1,-2594.367270,1
4233,1,-2594.367796,1
5864,1,-2594.355246,1
6671,1,-2594.332449,1
4572,1,-2594.295821,1
4675,1,-2594.268736,1
5997,1,-2594.385672,1
6006,1,-2594.275885,1
6253,1,-2594.392279,1
1231,2,-2594.103117,1
2275,2,-2594.113287,1
4654,2,-2594.130499,1
5114,2,-2594.077086,1
5881,2,-2594.114935,1
5984,2,-2594.135161,1
6060,2,-2594.119986,1
1168,2,-2594.456236,1
1313,2,-2594.300345,1
1132,2,-2594.268279,1
274,2,-2593.989172,1
3885,1,-2594.305441,1
5566,1,-2594.368964,1
6299,1,-2594.288565,1
1220,2,-2594.148856,1
4811,2,-2594.130141,1
5547,2,-2594.156836,1
5552,2,-2594.140685,1
5573,2,-2594.131575,1
5940,2,-2594.146727,1
1025,1,-2594.243880,1
1711,1,-2594.279524,1
6319,1,-2594.274115,1
1842,1,-2594.318465,1
3782,1,-2594.268401,1
5266,1,-2594.287016,1
5867,1,-2594.354437,1
1134,2,-2594.510039,1
1975,2,-2594.321593,1
3976,1,-2594.275359,1
3023,2,-2594.109816,1
5972,2,-2594.120162,1
2197,2,-2594.204466,1
2627,2,-2594.260962,1
4951,2,-2594.227934,1
5229,2,-2594.227675,1
238,2,-2594.188994,1
133,2,-2594.047667,1
282,2,-2593.995474,1
6306,1,-2594.229651,1
900,1,-2594.249457,1
1022,1,-2594.249327,1
1714,1,-2594.284590,1
2205,1,-2594.225272,1
4588,1,-2594.238707,1
5474,1,-2594.200133,1
5525,1,-2594.508673,1
1165,2,-2594.413847,1
4252,2,-2594.508643,1
4282,2,-2594.329764,1
2340,1,-2594.387915,1
3677,1,-2594.283774,1
4095,1,-2594.440444,1
4462,1,-2594.296256,1
5822,1,-2594.349997,1
1431,2,-2594.511351,1
4305,2,-2594.382514,1
2294,2,-2594.263892,1
2356,2,-2594.216681,1
568,2,-2594.214209,1
762,2,-2594.352972,1
2168,2,-2594.243369,1
2218,2,-2594.245368,1
4118,2,-2594.200110,1
4973,2,-2594.215094,1
565,2,-2593.991377,1
208880,9,-2594.537360,1
6982,12,-2594.430251,1
6024,1,-2594.311430,1
1828,1,-2594.292716,1
1831,1,-2594.297263,1
3769,1,-2594.235671,1
3918,1,-2594.222998,1
4768,1,-2594.274077,1
4780,1,-2594.217749,1
5493,1,-2594.310942,1
5732,1,-2594.282408,1
6014,1,-2594.240225,1
1897,2,-2594.110625,1
2831,2,-2594.154959,1
2893,2,-2594.173415,1
3321,2,-2594.165907,1
3948,2,-2594.174765,1
4423,2,-2594.182242,1
4952,2,-2594.141898,1
5096,2,-2594.069197,1
5195,2,-2594.052123,1
5421,2,-2594.297980,1
5886,2,-2594.196349,1
6046,2,-2594.085135,1
6386,2,-2594.152037,1
6389,2,-2594.170592,1
6391,2,-2594.152731,1
6652,2,-2594.165266,1
6358,2,-2594.082465,1
3411,2,-2594.271842,1
3556,2,-2594.214041,1
3601,2,-2594.262381,1
3963,2,-2594.232131,1
3095,2,-2594.457961,1
3099,2,-2594.249091,1
3545,2,-2594.208754,1
4941,2,-2594.262610,1
5056,2,-2594.258345,1
208337,9,-2594.604857,1
176925,8,-2594.451567,1
52889,11,-2594.634589,1
4772,2,-2594.181334,1
4606,1,-2594.268866,1
6139,1,-2594.279334,1
6663,1,-2594.303282,1
1790,1,-2594.321509,1
3912,1,-2594.267157,1
4390,1,-2594.249884,1
4547,1,-2594.289465,1
5354,1,-2594.262053,1
5352,2,-2594.109648,1
2287,2,-2594.230345,1
5008,2,-2594.198050,1
6404,2,-2594.167998,1
2629,2,-2594.205412,1
4774,2,-2594.153059,1
3763,2,-2594.289008,1
3919,2,-2594.302374,1
2176,2,-2594.169173,1
179202,8,-2594.597083,1
980,2,-2594.140471,1
6409,2,-2594.133177,1
6486,2,-2594.135931,1
6630,2,-2594.144797,1
739,1,-2594.343131,1
5836,1,-2594.432288,1
201929,8,-2594.582167,1
3083,1,-2594.379332,1
3771,1,-2594.393866,1
3975,1,-2594.413527,1
4116,1,-2594.382437,1
4853,1,-2594.371748,1
6031,1,-2594.348097,1
6061,1,-2594.408537,1
6331,1,-2594.421538,1
4001,1,-2594.275694,1
4519,1,-2594.248396,1
6026,1,-2594.293318,1
3928,2,-2594.099471,1
5238,2,-2594.097258,1
165,2,-2594.025168,1
522,2,-2594.144270,1
208400,8,-2594.614714,1
6398,2,-2594.084227,1
5401,1,-2594.234839,1
5563,1,-2594.292998,1
3747,1,-2594.343832,1
4278,1,-2594.347838,1
1188,2,-2594.130965,1
1578,2,-2594.290396,1
2579,2,-2594.121184,1
2601,2,-2594.131361,1
2895,2,-2594.137526,1
4761,2,-2594.131087,1
5179,2,-2594.137351,1
6531,2,-2594.152808,1
2293,1,-2594.234152,1
247833,9,-2594.568655,1
1478,2,-2594.305945,1
3409,2,-2594.236807,1
4711,2,-2594.245650,1
5826,1,-2594.289099,1
2352,2,-2594.291403,1
3241,2,-2594.227789,1
400,2,-2594.268301,1
2695,2,-2593.995963,1
2248,2,-2594.256613,1
2760,2,-2594.229880,1
3576,2,-2594.204649,1
5233,2,-2594.164038,1
5880,2,-2594.383223,1
6044,2,-2594.137290,1
5870,1,-2594.312872,1
274631,9,-2594.425253,1
1036,1,-2594.264288,1
4557,1,-2594.239157,1
4598,1,-2594.256018,1
4603,1,-2594.251395,1
5982,1,-2594.306517,1
1849,2,-2594.126189,1
4561,2,-2594.088622,1
6365,2,-2594.082343,1
2585,1,-2594.217833,1
2775,1,-2594.256880,1
2821,1,-2594.244002,1
2922,1,-2594.226874,1
4621,1,-2594.278929,1
6236,1,-2594.369711,1
6294,1,-2594.218176,1
6327,1,-2594.248320,1
3765,2,-2594.272055,1
5058,2,-2594.222785,1
2217,2,-2594.223067,1
3872,2,-2594.283041,1
3883,2,-2594.254279,1
6475,2,-2594.500365,1
2149,2,-2594.132178,1
5422,2,-2594.123045,1
1236,2,-2594.090453,1
4834,2,-2594.066161,1
207777,7,-2594.598349,1
1739,1,-2594.302565,1
